Conveyor_ID,Load_Class,Plant_ID,mean_kg_day
P04CV32,Heavy,P04,50701.76352802998
P02CV09,Medium,P02,38844.99669649481
P03CV03,Light,P03,20842.268290580378
P11CV06,Medium,P11,40649.52111813932
P04CV01,Heavy,P04,50690.98098134067
P04CV10,Heavy,P04,50634.83227685255
P07CV15,Medium,P07,39577.85977901567
P07CV22,Medium,P07,39552.8812825712
P09CV19,Heavy,P09,49957.33322020707
P10CV33,Light,P10,21831.87447029097
P04CV05,Heavy,P04,50607.090435170874
P08CV05,Light,P08,21364.91594130129
P01CV05,Light,P01,21602.875398458917
P01CV13,Light,P01,21579.736658202844
P03CV12,Light,P03,20862.584477508823
P06CV10,Light,P06,22320.635671103482
P08CV08,Light,P08,21361.42879058471
P07CV30,Medium,P07,39581.476192297334
P03CV04,Light,P03,20900.35466317433
P04CV08,Heavy,P04,50646.63652127971
P04CV13,Heavy,P04,50624.836216236115
P06CV11,Light,P06,22298.810517038433
P09CV04,Heavy,P09,49939.501387223914
P04CV25,Heavy,P04,50673.80822895896
P07CV18,Medium,P07,39546.51945036262
P10CV05,Light,P10,21816.43545682226
P09CV22,Heavy,P09,49973.284286073584
P11CV01,Medium,P11,40609.34837529907
P12CV12,Light,P12,21123.32436826607
P03CV05,Light,P03,20853.142158531416
P07CV14,Medium,P07,39557.21758354505
P12CV15,Light,P12,21082.899050010048
P04CV04,Heavy,P04,50680.89896905078
P05CV05,Medium,P05,40286.19145637809
P10CV22,Light,P10,21824.028929340853
P02CV16,Medium,P02,38833.844373791166
P03CV09,Light,P03,20858.887900242124
P06CV03,Light,P06,22296.62004486584
P12CV06,Light,P12,21081.73645900009
P02CV27,Medium,P02,38867.066498572494
P04CV09,Heavy,P04,50657.33284983916
P09CV10,Heavy,P09,49947.90255196263
P01CV12,Light,P01,21576.491954093537
P04CV18,Heavy,P04,50688.80093812751
P08CV06,Light,P08,21336.622421408956
P11CV15,Medium,P11,40665.6725088985
P12CV07,Light,P12,21111.386322405746
P12CV09,Light,P12,21109.346313529968
P07CV23,Medium,P07,39597.826956718534
P12CV21,Light,P12,21099.137973495217
P09CV09,Heavy,P09,49907.15611390548
P10CV04,Light,P10,21829.63199310988
P11CV02,Medium,P11,40659.6532593642
P12CV24,Light,P12,21097.891913407184
P04CV27,Heavy,P04,50669.504078411934
P10CV32,Light,P10,21843.228388732638
P12CV14,Light,P12,21087.905647225703
P02CV26,Medium,P02,38827.13594534172
P03CV10,Light,P03,20897.048026286102
P09CV07,Heavy,P09,49962.10601984859
P02CV11,Medium,P02,38885.11938713592
P10CV08,Light,P10,21832.02455798742
P04CV06,Heavy,P04,50689.58824014536
P10CV16,Light,P10,21824.133570297738
P08CV13,Light,P08,21345.542371630705
P11CV09,Medium,P11,40673.48309044778
P02CV02,Medium,P02,38813.45714358761
P05CV13,Medium,P05,40255.21776951406
P10CV03,Light,P10,21871.727008202277
P06CV01,Light,P06,22280.817649598583
P07CV10,Medium,P07,39583.88238277454
P10CV21,Light,P10,21830.89253966764
P02CV06,Medium,P02,38836.56622267252
P05CV02,Medium,P05,40225.95025540579
P02CV23,Medium,P02,38839.25227896794
P03CV15,Light,P03,20871.555499956958
P12CV27,Light,P12,21120.007494721747
P05CV06,Medium,P05,40289.84024458206
P06CV17,Light,P06,22297.424516014395
P07CV19,Medium,P07,39576.13473773959
P12CV19,Light,P12,21121.865376704547
P04CV30,Heavy,P04,50640.32933231555
P09CV12,Heavy,P09,49935.54641736874
P10CV23,Light,P10,21812.477956217
P01CV06,Light,P01,21587.609514448563
P02CV07,Medium,P02,38827.78846892978
P09CV02,Heavy,P09,49923.55466353527
P09CV06,Heavy,P09,49926.58248628115
P10CV11,Light,P10,21803.47393149405
P02CV13,Medium,P02,38866.69695045459
P05CV01,Medium,P05,40252.4747286043
P05CV17,Medium,P05,40293.42725252218
P05CV21,Medium,P05,40304.93189983031
P02CV21,Medium,P02,38831.75176170257
P04CV23,Heavy,P04,50672.491888020835
P10CV29,Light,P10,21849.362007718646
P02CV04,Medium,P02,38882.27382665503
P02CV15,Medium,P02,38858.10290988677
P01CV09,Light,P01,21573.513782796694
P02CV22,Medium,P02,38826.116906547206
P12CV04,Light,P12,21127.956888026518
P12CV13,Light,P12,21090.12074821025
P01CV03,Light,P01,21595.2141838156
P02CV05,Medium,P02,38837.13857616409
P03CV01,Light,P03,20888.198893558212
P12CV05,Light,P12,21126.6011963781
P04CV24,Heavy,P04,50662.431452403056
P12CV26,Light,P12,21116.961461112227
P02CV17,Medium,P02,38848.99953671674
P04CV26,Heavy,P04,50618.219100477065
P05CV12,Medium,P05,40298.21980667627
P05CV23,Medium,P05,40259.90245817777
P07CV12,Medium,P07,39549.79055045034
P02CV03,Medium,P02,38837.08303478293
P09CV05,Heavy,P09,49929.28435129155
P02CV19,Medium,P02,38838.02514075744
P07CV09,Medium,P07,39602.92613837541
P03CV14,Light,P03,20888.694597171845
P07CV03,Medium,P07,39580.3393481412
P01CV08,Light,P01,21642.960498265646
P01CV15,Light,P01,21566.105206570468
P07CV06,Medium,P07,39568.413782224074
P12CV20,Light,P12,21080.241029829547
P05CV03,Medium,P05,40296.58054361545
P08CV03,Light,P08,21363.38518960088
P06CV16,Light,P06,22297.177787170047
P10CV24,Light,P10,21801.307417863085
P11CV12,Medium,P11,40675.430197149144
P10CV01,Light,P10,21823.77521834878
P11CV03,Medium,P11,40660.35449671683
P10CV09,Light,P10,21819.374887107508
P10CV18,Light,P10,21850.50024749955
P12CV10,Light,P12,21124.863224683
P07CV08,Medium,P07,39561.82350438629
P04CV28,Heavy,P04,50665.542992400355
P05CV10,Medium,P05,40312.65992734778
P06CV13,Light,P06,22299.935370809584
P06CV14,Light,P06,22333.375642926865
P10CV25,Light,P10,21845.216918042923
P02CV12,Medium,P02,38868.79628933436
P04CV02,Heavy,P04,50635.612084694425
P04CV29,Heavy,P04,50695.807728729604
P09CV01,Heavy,P09,49973.30402839764
P01CV17,Light,P01,21559.673149217735
P04CV22,Heavy,P04,50641.9696859941
P12CV03,Light,P12,21136.7991942469
P01CV16,Light,P01,21581.508832843807
P06CV12,Light,P06,22322.850958413605
P10CV12,Light,P10,21840.67562709314
P04CV03,Heavy,P04,50661.7746961081
P07CV20,Medium,P07,39578.83976670816
P07CV29,Medium,P07,39564.36033606151
P09CV18,Heavy,P09,49927.26728440096
P10CV27,Light,P10,21833.845805384335
P07CV02,Medium,P07,39580.623863304805
P10CV28,Light,P10,21851.508638199844
P12CV22,Light,P12,21122.70468174798
P03CV07,Light,P03,20881.06935165881
P06CV05,Light,P06,22297.19887979001
P10CV07,Light,P10,21831.63637025067
P12CV18,Light,P12,21129.98884978002
P09CV23,Heavy,P09,49914.14009417376
P03CV06,Light,P03,20887.773405564953
P12CV23,Light,P12,21091.14984598994
P07CV17,Medium,P07,39548.71802067092
P07CV25,Medium,P07,39528.8604063355
P08CV01,Light,P08,21351.747915741464
P01CV19,Light,P01,21580.422917472388
P01CV04,Light,P01,21587.523582978407
P04CV21,Heavy,P04,50649.677835793555
P09CV15,Heavy,P09,49937.18453215449
P01CV18,Light,P01,21610.831162350034
P03CV02,Light,P03,20892.733025573314
P06CV07,Light,P06,22285.17710398586
P09CV17,Heavy,P09,50055.44332594466
P09CV26,Heavy,P09,49986.26839867534
P12CV17,Light,P12,21108.048765240834
P12CV29,Light,P12,21086.643489051792
P05CV15,Medium,P05,40297.4568196398
P09CV03,Heavy,P09,49958.5282586558
P06CV04,Light,P06,22272.903897739012
P08CV02,Light,P08,21359.300801764224
P12CV01,Light,P12,21126.134110594456
P05CV22,Medium,P05,40330.764414039906
P10CV13,Light,P10,21866.015671145728
P11CV10,Medium,P11,40670.96031549074
P02CV25,Medium,P02,38849.64530338876
P05CV09,Medium,P05,40317.07486173882
P09CV21,Heavy,P09,49957.34771033134
P04CV19,Heavy,P04,50662.19043033466
P09CV20,Heavy,P09,49916.782589672344
P05CV20,Medium,P05,40289.93657513018
P07CV16,Medium,P07,39552.38067544843
P10CV31,Light,P10,21818.782353004477
P05CV24,Medium,P05,40309.66159828038
P04CV17,Heavy,P04,50663.07541062019
P05CV19,Medium,P05,40262.69907193792
P09CV11,Heavy,P09,49964.10252915821
P03CV11,Light,P03,20892.832966493683
P07CV21,Medium,P07,39573.340115197396
P05CV14,Medium,P05,40279.62146634385
P01CV01,Light,P01,21606.56927788074
P10CV26,Light,P10,21792.613434063816
P05CV18,Medium,P05,40308.5242436947
P10CV15,Light,P10,21839.04708099255
P03CV08,Light,P03,20873.54494100949
P07CV07,Medium,P07,39548.1295459681
P02CV18,Medium,P02,38884.99975678213
P07CV01,Medium,P07,39548.16004793375
P10CV02,Light,P10,21811.843691630096
P12CV16,Light,P12,21113.091672655
P10CV10,Light,P10,21840.367771712576
P12CV11,Light,P12,21165.227733634856
P02CV01,Medium,P02,38844.4991046244
P07CV13,Medium,P07,39557.290042521396
P09CV14,Heavy,P09,49986.21738598463
P07CV27,Medium,P07,39573.248641304344
P08CV07,Light,P08,21386.07668628762
P11CV17,Medium,P11,40642.037635869565
P01CV10,Light,P01,21594.811776369304
P01CV20,Light,P01,21566.86161927407
P01CV14,Light,P01,21595.716647871966
P07CV04,Medium,P07,39555.00889218964
P02CV14,Medium,P02,38854.918748295226
P08CV04,Light,P08,21339.596344415717
P11CV14,Medium,P11,40622.36733141029
P06CV15,Light,P06,22337.616496856786
P09CV25,Heavy,P09,49962.23918846406
P10CV19,Light,P10,21776.949432244914
P01CV02,Light,P01,21621.672862443025
P08CV09,Light,P08,21320.877852033816
P10CV20,Light,P10,21830.59413478801
P01CV11,Light,P01,21590.848328877306
P02CV20,Medium,P02,38855.222215485075
P02CV24,Medium,P02,38858.53645781468
P06CV09,Light,P06,22332.056571718775
P04CV15,Heavy,P04,50654.02912669655
P04CV31,Heavy,P04,50614.65356852485
P10CV14,Light,P10,21853.863888750362
P05CV16,Medium,P05,40321.42441713916
P09CV08,Heavy,P09,49927.265321117564
P09CV16,Heavy,P09,49988.82995138688
P11CV11,Medium,P11,40625.59486035736
P12CV25,Light,P12,21102.343972353145
P02CV10,Medium,P02,38824.894549079676
P04CV16,Heavy,P04,50664.372113112666
P01CV07,Light,P01,21533.026869045796
P11CV05,Medium,P11,40664.46230836369
P07CV28,Medium,P07,39575.60780974319
P12CV08,Light,P12,21098.111710537123
P11CV16,Medium,P11,40651.59679258833
P09CV24,Heavy,P09,49947.307562981325
P10CV17,Light,P10,21836.03472486069
P03CV13,Light,P03,20850.632610666733
P04CV14,Heavy,P04,50672.13867252496
P07CV05,Medium,P07,39530.39259069141
P10CV06,Light,P10,21797.25734925336
P06CV06,Light,P06,22330.30736957741
P07CV11,Medium,P07,39583.60864747711
P05CV07,Medium,P05,40281.859681211856
P06CV08,Light,P06,22303.63714653558
P11CV13,Medium,P11,40645.73076142132
P05CV11,Medium,P05,40304.359236263605
P11CV07,Medium,P11,40678.51953045524
P12CV02,Light,P12,21110.701942418265
P07CV26,Medium,P07,39546.38188309506
P11CV04,Medium,P11,40673.86200946622
P05CV04,Medium,P05,40283.220887452335
P06CV02,Light,P06,22289.68304849405
P09CV13,Heavy,P09,49920.2673679105
P04CV20,Heavy,P04,50673.39222032563
P05CV08,Medium,P05,40293.12412299456
P04CV12,Heavy,P04,50628.13349920056
P08CV11,Light,P08,21333.250187118956
P06CV18,Light,P06,22302.361931903404
P08CV10,Light,P08,21373.705863802952
P07CV24,Medium,P07,39552.32067973474
P08CV12,Light,P08,21341.35236406499
P12CV28,Light,P12,21140.35911777723
P04CV11,Heavy,P04,50604.72176168893
P10CV30,Light,P10,21844.808668968075
P02CV08,Medium,P02,38841.36014800667
P04CV07,Heavy,P04,50632.95043364998
P11CV08,Medium,P11,40665.12688444195
