Date,Plant_ID,Conveyor_ID,EIS_Date,Age_Calendar_Days,Length_m,Bearing_Count,Load_Class,Rated_Throughput_kg_h,Belt_Speed_m_s,Roller_Diameter_mm,Temperature_Max_C,Temperature_Min_C,Humidity_pct,Voltage_V,Daily_State,Operating_Hours_Day,Cumulative_Operating_Hours,Operating_Hours_Since_Restart,Start_Stop_Cycles_Day,Cumulative_Start_Stop_Cycles,Throughput_kg_per_h,Total_kg_Day,Cumulative_kg,Estimated_Roller_Revolutions_Day,Motor_Current_A,Motor_Temperature_C,Structure_Vibration_RMS_mm_s,Contact_Voltage_Drop_mV,Contactor_Closing_Time_ms,Failure_Type,Failed_Component_ID,Sensor_Replacement,Downtime_Hours_Day,Days_Since_Last_Failure,Cumulative_Failure_Count
2005-01-01,P02,P02CV27,2005-01-01,0,8.0,56,Medium,3000.0,0.6,80.0,21.818092,21.191748,49.4197,482.07147,RUNNING,24.0,24.0,24.0,0,0,1551.3792,37233.1,37233.10066489772,206264.81,10.017413,43.35436,0.87766075,20.407557,,,,0,0.0,,0
2005-01-02,P02,P02CV27,2005-01-01,1,8.0,56,Medium,3000.0,0.6,80.0,21.686901,21.019054,47.45097,484.26657,RUNNING,24.0,48.0,48.0,0,0,1608.7411,38609.785,75842.88554548577,206264.81,10.370209,44.488213,1.0094961,21.156464,,,,0,0.0,,0
2005-01-03,P02,P02CV27,2005-01-01,2,8.0,56,Medium,3000.0,0.6,80.0,21.820156,21.406755,50.948338,484.98712,RUNNING,24.0,72.0,72.0,0,0,1634.8483,39236.36,115079.24313268781,206264.81,10.227373,43.016552,1.0699351,21.159044,,,,0,0.0,,0
2005-01-04,P02,P02CV27,2005-01-01,3,8.0,56,Medium,3000.0,0.6,80.0,21.889475,21.361647,44.655346,486.06427,RUNNING,24.0,96.0,96.0,0,0,1728.395,41481.48,156560.72284197848,206264.81,10.93134,43.30886,1.0664481,22.1759,,,,0,0.0,,0
2005-01-05,P02,P02CV27,2005-01-01,4,8.0,56,Medium,3000.0,0.6,80.0,21.770512,21.449472,46.765144,483.23636,RUNNING,24.0,120.0,120.0,0,0,1712.5841,41102.02,197662.74063354562,206264.81,10.90233,45.054302,1.0437974,20.389582,,,,0,0.0,,0
2005-01-06,P02,P02CV27,2005-01-01,5,8.0,56,Medium,3000.0,0.6,80.0,21.831688,21.127926,47.188953,476.318,RUNNING,24.0,144.0,144.0,0,0,1692.4886,40619.727,238282.46739763365,206264.81,11.05937,44.861797,1.0081025,22.798862,,,,0,0.0,,0
2005-01-07,P02,P02CV27,2005-01-01,6,8.0,56,Medium,3000.0,0.6,80.0,21.78303,21.449924,47.627945,479.15646,RUNNING,24.0,168.0,168.0,0,0,1576.1741,37828.18,276110.6455383873,206264.81,10.486913,42.789833,1.0054026,20.995615,,,,0,0.0,,0
2005-01-08,P02,P02CV27,2005-01-01,7,8.0,56,Medium,3000.0,0.6,80.0,21.717934,21.23567,49.89214,478.2705,RUNNING,24.0,192.0,192.0,0,0,1556.7716,37362.52,313473.1643942103,206264.81,10.448459,42.182125,1.0177307,19.647755,,,,0,0.0,,0
2005-01-09,P02,P02CV27,2005-01-01,8,8.0,56,Medium,3000.0,0.6,80.0,21.730955,21.145578,43.83917,479.37808,RUNNING,24.0,216.0,216.0,0,0,1510.1254,36243.008,349716.17368668644,206264.81,9.725325,44.139614,0.88576394,21.02609,,,,0,0.0,,0
2005-01-10,P02,P02CV27,2005-01-01,9,8.0,56,Medium,3000.0,0.6,80.0,21.698328,21.3061,46.46739,478.72784,RUNNING,24.0,240.0,240.0,0,0,1683.9124,40413.895,390130.0690145461,206264.81,10.913067,46.87716,1.0112438,20.914734,,,,0,0.0,,0
2005-01-11,P02,P02CV27,2005-01-01,10,8.0,56,Medium,3000.0,0.6,80.0,21.682709,21.421963,47.499226,484.60608,RUNNING,24.0,264.0,264.0,0,0,1536.328,36871.87,427001.94047843775,206264.81,10.376997,42.200695,0.90841156,20.858994,,,,0,0.0,,0
2005-01-12,P02,P02CV27,2005-01-01,11,8.0,56,Medium,3000.0,0.6,80.0,21.738306,21.266222,48.465923,482.09854,RUNNING,24.0,288.0,288.0,0,0,1504.6213,36110.914,463112.85317744646,206264.81,9.686557,41.885864,0.9623039,18.585768,,,,0,0.0,,0
2005-01-13,P02,P02CV27,2005-01-01,12,8.0,56,Medium,3000.0,0.6,80.0,21.749561,21.138466,49.093273,481.75278,RUNNING,24.0,312.0,312.0,0,0,1577.498,37859.953,500972.80693564494,206264.81,10.0623255,42.77029,0.9354507,20.621561,,,,0,0.0,,0
2005-01-14,P02,P02CV27,2005-01-01,13,8.0,56,Medium,3000.0,0.6,80.0,21.841064,21.095224,47.296074,484.4838,RUNNING,24.0,336.0,336.0,0,0,1605.2058,38524.938,539497.7457506913,206264.81,10.385369,42.827534,0.899423,21.661627,,,,0,0.0,,0
2005-01-15,P02,P02CV27,2005-01-01,14,8.0,56,Medium,3000.0,0.6,80.0,21.79724,21.000929,46.092365,482.62177,RUNNING,24.0,360.0,360.0,0,0,1628.1205,39074.89,578572.6364622111,206264.81,10.332857,46.46961,0.99825513,22.044828,,,,0,0.0,,0
2005-01-16,P02,P02CV27,2005-01-01,15,8.0,56,Medium,3000.0,0.6,80.0,21.811764,21.14784,43.53193,483.84564,RUNNING,24.0,384.0,384.0,0,0,1664.1512,39939.63,618512.2650790066,206264.81,10.492942,44.254833,1.0145143,21.57023,,,,0,0.0,,0
2005-01-17,P02,P02CV27,2005-01-01,16,8.0,56,Medium,3000.0,0.6,80.0,21.71558,21.2315,45.73056,483.06433,RUNNING,24.0,408.0,408.0,0,0,1537.9504,36910.812,655423.0767771567,206264.81,9.848062,45.46476,0.82422554,20.912344,,,,0,0.0,,0
2005-01-18,P02,P02CV27,2005-01-01,17,8.0,56,Medium,3000.0,0.6,80.0,21.863503,21.398659,43.205303,480.1414,RUNNING,24.0,432.0,432.0,0,0,1694.0344,40656.83,696079.9034431302,206264.81,10.856995,45.719696,1.1411142,21.325693,,,,0,0.0,,0
2005-01-19,P02,P02CV27,2005-01-01,18,8.0,56,Medium,3000.0,0.6,80.0,21.848024,21.282125,43.47953,483.03125,RUNNING,24.0,456.0,456.0,0,0,1698.7875,40770.902,736850.8042306013,206264.81,10.713226,45.74522,0.9330173,22.11623,,,,0,0.0,,0
2005-01-20,P02,P02CV27,2005-01-01,19,8.0,56,Medium,3000.0,0.6,80.0,21.79361,21.009375,47.410767,480.51297,RUNNING,24.0,480.0,480.0,0,0,1647.8231,39547.754,776398.5588201337,206264.81,10.651518,41.96751,1.0573479,20.428692,,,,0,0.0,,0
2005-01-21,P02,P02CV27,2005-01-01,20,8.0,56,Medium,3000.0,0.6,80.0,21.893919,21.274733,46.327858,481.9412,RUNNING,24.0,504.0,504.0,0,0,1638.8683,39332.836,815731.3962641438,206264.81,10.8027935,48.0629,1.1006396,21.970648,,,,0,0.0,,0
2005-01-22,P02,P02CV27,2005-01-01,21,8.0,56,Medium,3000.0,0.6,80.0,21.840118,21.084457,43.248974,478.7394,RUNNING,24.0,528.0,528.0,0,0,1664.9116,39957.88,855689.2756250143,206264.81,10.842172,43.847466,0.85081166,21.538025,,,,0,0.0,,0
2005-01-23,P02,P02CV27,2005-01-01,22,8.0,56,Medium,3000.0,0.6,80.0,21.681713,21.179832,51.692646,481.5258,RUNNING,24.0,552.0,552.0,0,0,1600.9043,38421.703,894110.9775198331,206264.81,10.587137,43.738,0.9422652,19.843739,,,,0,0.0,,0
2005-01-24,P02,P02CV27,2005-01-01,23,8.0,56,Medium,3000.0,0.6,80.0,21.686283,21.140484,43.87215,478.99002,RUNNING,24.0,576.0,576.0,0,0,1709.5674,41029.617,935140.5956848519,206264.81,10.985609,44.793346,0.81134206,20.939371,,,,0,0.0,,0
2005-01-25,P02,P02CV27,2005-01-01,24,8.0,56,Medium,3000.0,0.6,80.0,21.710709,21.254324,48.336987,480.08832,RUNNING,24.0,600.0,600.0,0,0,1556.6666,37360.0,972500.5943285773,206264.81,10.498899,45.07902,0.9643596,20.161108,,,,0,0.0,,0
2005-01-26,P02,P02CV27,2005-01-01,25,8.0,56,Medium,3000.0,0.6,80.0,21.754549,21.11936,48.40355,481.8292,RUNNING,24.0,624.0,624.0,0,0,1648.8683,39572.84,1012073.4332915104,206264.81,10.704629,43.52339,0.9009471,21.42214,,,,0,0.0,,0
2005-01-27,P02,P02CV27,2005-01-01,26,8.0,56,Medium,3000.0,0.6,80.0,21.809038,21.071697,47.971878,485.38766,RUNNING,24.0,648.0,648.0,0,0,1652.7797,39666.71,1051740.144336697,206264.81,10.662449,44.5622,1.048542,20.940062,,,,0,0.0,,0
2005-01-28,P02,P02CV27,2005-01-01,27,8.0,56,Medium,3000.0,0.6,80.0,21.728598,21.076437,44.393642,481.736,RUNNING,24.0,672.0,672.0,0,0,1723.804,41371.297,1093111.4401461359,206264.81,11.037217,47.89272,0.9007726,21.12754,,,,0,0.0,,0
2005-01-29,P02,P02CV27,2005-01-01,28,8.0,56,Medium,3000.0,0.6,80.0,21.890375,21.371563,50.473778,482.59222,RUNNING,24.0,696.0,696.0,0,0,1690.1613,40563.87,1133675.3110393789,206264.81,10.781927,46.715923,0.9481398,20.328943,,,,0,0.0,,0
2005-01-30,P02,P02CV27,2005-01-01,29,8.0,56,Medium,3000.0,0.6,80.0,21.84808,21.171423,51.844147,485.48395,RUNNING,24.0,720.0,720.0,0,0,1593.6501,38247.605,1171922.9158283,206264.81,10.397393,44.384,0.8746192,20.682241,,,,0,0.0,,0
2005-01-31,P02,P02CV27,2005-01-01,30,8.0,56,Medium,3000.0,0.6,80.0,21.787066,21.330238,44.913128,476.7088,RUNNING,24.0,744.0,744.0,0,0,1667.6553,40023.727,1211946.6421098884,206264.81,10.698064,47.42744,1.0918189,20.766846,,,,0,0.0,,0
2005-02-01,P02,P02CV27,2005-01-01,31,8.0,56,Medium,3000.0,0.6,80.0,21.759783,21.391277,45.17708,481.5094,RUNNING,24.0,768.0,768.0,0,0,1678.198,40276.754,1252223.3953767496,206264.81,10.619082,41.180817,0.8620552,21.22879,,,,0,0.0,,0
2005-02-02,P02,P02CV27,2005-01-01,32,8.0,56,Medium,3000.0,0.6,80.0,21.693092,21.095936,50.424942,480.15536,RUNNING,24.0,792.0,792.0,0,0,1514.9841,36359.62,1288583.0145621456,206264.81,10.215245,38.77593,0.81594205,20.059484,,,,0,0.0,,0
2005-02-03,P02,P02CV27,2005-01-01,33,8.0,56,Medium,3000.0,0.6,80.0,21.685068,21.423382,50.364105,482.76892,RUNNING,24.0,816.0,816.0,0,0,1557.8748,37388.996,1325972.009364186,206264.81,10.187376,40.852394,0.99463576,19.218225,,,,0,0.0,,0
2005-02-04,P02,P02CV27,2005-01-01,34,8.0,56,Medium,3000.0,0.6,80.0,21.780365,21.270426,43.12521,480.96368,RUNNING,24.0,840.0,840.0,0,0,1734.7158,41633.18,1367605.1877742538,206264.81,10.956716,45.474167,0.95217305,20.67661,,,,0,0.0,,0
2005-02-05,P02,P02CV27,2005-01-01,35,8.0,56,Medium,3000.0,0.6,80.0,21.819199,21.286507,48.7812,481.74356,RUNNING,24.0,864.0,864.0,0,0,1559.9493,37438.785,1405043.971549238,206264.81,10.20652,42.385124,1.0311608,20.09071,,,,0,0.0,,0
2005-02-06,P02,P02CV27,2005-01-01,36,8.0,56,Medium,3000.0,0.6,80.0,21.805283,21.350792,44.203888,478.82202,RUNNING,24.0,888.0,888.0,0,0,1533.6017,36806.44,1441850.4122556958,206264.81,10.24715,43.079514,0.96085227,20.64074,,,,0,0.0,,0
2005-02-07,P02,P02CV27,2005-01-01,37,8.0,56,Medium,3000.0,0.6,80.0,21.852112,21.244831,43.013298,482.09894,RUNNING,24.0,912.0,912.0,0,0,1715.2667,41166.4,1483016.812574958,206264.81,10.905396,45.297928,1.0381752,21.63586,,,,0,0.0,,0
2005-02-08,P02,P02CV27,2005-01-01,38,8.0,56,Medium,3000.0,0.6,80.0,21.79533,21.369514,49.588512,481.88928,RUNNING,24.0,936.0,936.0,0,0,1556.5724,37357.74,1520374.5495048214,206264.81,10.381369,44.80494,0.94268787,20.3273,,,,0,0.0,,0
2005-02-09,P02,P02CV27,2005-01-01,39,8.0,56,Medium,3000.0,0.6,80.0,21.752941,21.200254,51.96987,477.32425,RUNNING,24.0,960.0,960.0,0,0,1691.7108,40601.06,1560975.6091018533,206264.81,10.763308,46.34972,0.95663005,23.502966,,,,0,0.0,,0
2005-02-10,P02,P02CV27,2005-01-01,40,8.0,56,Medium,3000.0,0.6,80.0,21.759535,21.449762,43.019077,480.10208,RUNNING,24.0,984.0,984.0,0,0,1562.1742,37492.18,1598467.789830535,206264.81,10.624944,42.154266,0.97234714,19.791159,,,,0,0.0,,0
2005-02-11,P02,P02CV27,2005-01-01,41,8.0,56,Medium,3000.0,0.6,80.0,21.685987,21.218594,48.662224,481.1435,RUNNING,24.0,1008.0,1008.0,0,0,1504.7804,36114.73,1634582.520275218,206264.81,10.1008,45.046288,1.0362624,21.570496,,,,0,0.0,,0
2005-02-12,P02,P02CV27,2005-01-01,42,8.0,56,Medium,3000.0,0.6,80.0,21.721766,21.342678,45.129402,480.0541,RUNNING,24.0,1032.0,1032.0,0,0,1523.461,36563.062,1671145.5845206978,206264.81,10.595991,44.853825,0.74806565,20.168442,,,,0,0.0,,0
2005-02-13,P02,P02CV27,2005-01-01,43,8.0,56,Medium,3000.0,0.6,80.0,21.879742,21.01362,52.35392,477.6699,RUNNING,24.0,1056.0,1056.0,0,0,1684.6345,40431.227,1711576.812366403,206264.81,10.623743,43.781654,0.91129017,22.013895,,,,0,0.0,,0
2005-02-14,P02,P02CV27,2005-01-01,44,8.0,56,Medium,3000.0,0.6,80.0,21.788116,21.19723,48.711475,479.84637,RUNNING,24.0,1080.0,1080.0,0,0,1583.0511,37993.227,1749570.0386490922,206264.81,9.94304,41.60016,0.93941146,19.141417,,,,0,0.0,,0
2005-02-15,P02,P02CV27,2005-01-01,45,8.0,56,Medium,3000.0,0.6,80.0,21.792248,21.375694,45.46609,481.76923,RUNNING,24.0,1104.0,1104.0,0,0,1688.237,40517.69,1790087.729471625,206264.81,10.968188,45.681664,1.0060802,20.043139,,,,0,0.0,,0
2005-02-16,P02,P02CV27,2005-01-01,46,8.0,56,Medium,3000.0,0.6,80.0,21.82007,21.148392,47.435215,479.73254,RUNNING,24.0,1128.0,1128.0,0,0,1632.2909,39174.984,1829262.7119644738,206264.81,10.651784,44.53032,1.0180882,20.346117,,,,0,0.0,,0
2005-02-17,P02,P02CV27,2005-01-01,47,8.0,56,Medium,3000.0,0.6,80.0,21.758362,21.320627,43.196186,481.8266,RUNNING,24.0,1152.0,1152.0,0,0,1681.6926,40360.62,1869623.3337975303,206264.81,10.613536,44.80011,0.99755687,21.794025,,,,0,0.0,,0
2005-02-18,P02,P02CV27,2005-01-01,48,8.0,56,Medium,3000.0,0.6,80.0,21.807476,21.1127,52.018173,481.74918,RUNNING,24.0,1176.0,1176.0,0,0,1528.3512,36680.43,1906303.7636013902,206264.81,10.288114,42.126575,0.93517566,19.421022,,,,0,0.0,,0
2005-02-19,P02,P02CV27,2005-01-01,49,8.0,56,Medium,3000.0,0.6,80.0,21.767473,21.334614,49.153206,484.32986,RUNNING,24.0,1200.0,1200.0,0,0,1630.9193,39142.062,1945445.8273348613,206264.81,10.405012,43.643135,1.0448272,22.179935,,,,0,0.0,,0
2005-02-20,P02,P02CV27,2005-01-01,50,8.0,56,Medium,3000.0,0.6,80.0,21.795197,21.2032,43.85298,476.0654,RUNNING,24.0,1224.0,1224.0,0,0,1546.8624,37124.7,1982570.5263818959,206264.81,10.354222,44.38588,1.015983,19.007002,,,,0,0.0,,0
2005-02-21,P02,P02CV27,2005-01-01,51,8.0,56,Medium,3000.0,0.6,80.0,21.86353,21.308483,49.64139,489.46768,RUNNING,24.0,1248.0,1248.0,0,0,1603.7546,38490.11,2021060.6372237068,206264.81,10.615851,44.612103,0.8950398,19.829779,,,,0,0.0,,0
2005-02-22,P02,P02CV27,2005-01-01,52,8.0,56,Medium,3000.0,0.6,80.0,21.782085,21.007063,46.487328,481.83847,RUNNING,24.0,1272.0,1272.0,0,0,1565.0104,37560.25,2058620.8861651726,206264.81,10.300917,46.038063,0.8854511,20.138105,,,,0,0.0,,0
2005-02-23,P02,P02CV27,2005-01-01,53,8.0,56,Medium,3000.0,0.6,80.0,21.878565,21.008217,46.262035,483.38004,RUNNING,24.0,1296.0,1296.0,0,0,1655.1458,39723.5,2098344.3854366723,206264.81,10.638734,47.98012,0.8701679,20.462164,,,,0,0.0,,0
2005-02-24,P02,P02CV27,2005-01-01,54,8.0,56,Medium,3000.0,0.6,80.0,21.794563,21.439106,44.207638,481.71512,RUNNING,24.0,1320.0,1320.0,0,0,1502.6829,36064.39,2134408.774354548,206264.81,9.374843,44.236897,0.88619286,19.53319,,,,0,0.0,,0
2005-02-25,P02,P02CV27,2005-01-01,55,8.0,56,Medium,3000.0,0.6,80.0,21.710348,21.327797,52.264156,484.4132,RUNNING,24.0,1344.0,1344.0,0,0,1509.0316,36216.76,2170625.534383132,206264.81,10.0628195,43.785217,0.97876894,19.164062,,,,0,0.0,,0
2005-02-26,P02,P02CV27,2005-01-01,56,8.0,56,Medium,3000.0,0.6,80.0,21.72278,21.169771,43.016865,483.22318,RUNNING,24.0,1368.0,1368.0,0,0,1567.3317,37615.96,2208241.4954938646,206264.81,9.854515,43.378117,0.9634748,19.248663,,,,0,0.0,,0
2005-02-27,P02,P02CV27,2005-01-01,57,8.0,56,Medium,3000.0,0.6,80.0,21.84788,21.316628,49.330006,479.72882,RUNNING,24.0,1392.0,1392.0,0,0,1678.807,40291.367,2248532.864583302,206264.81,10.408971,45.015076,0.7875543,21.975885,,,,0,0.0,,0
2005-02-28,P02,P02CV27,2005-01-01,58,8.0,56,Medium,3000.0,0.6,80.0,21.862352,21.263615,50.683403,479.0675,RUNNING,24.0,1416.0,1416.0,0,0,1557.1749,37372.2,2285905.0636536554,206264.81,10.516975,45.03699,0.9070124,21.342535,,,,0,0.0,,0
2005-03-01,P02,P02CV27,2005-01-01,59,8.0,56,Medium,3000.0,0.6,80.0,23.77356,22.995207,45.754562,481.38354,RUNNING,24.0,1440.0,1440.0,0,0,1660.7329,39857.59,2325762.653987198,206264.81,10.920291,44.835598,0.9881605,23.680635,,,,0,0.0,,0
2005-03-02,P02,P02CV27,2005-01-01,60,8.0,56,Medium,3000.0,0.6,80.0,23.191648,22.770678,43.877758,480.60788,RUNNING,24.0,1464.0,1464.0,0,0,1639.62,39350.88,2365113.534048746,206264.81,10.751434,44.38619,0.8776485,21.27554,,,,0,0.0,,0
2005-03-03,P02,P02CV27,2005-01-01,61,8.0,56,Medium,3000.0,0.6,80.0,23.033007,22.868782,49.293716,481.16876,RUNNING,24.0,1488.0,1488.0,0,0,1671.5929,40118.23,2405231.7641358627,206264.81,10.634024,45.699883,0.93309826,21.25995,,,,0,0.0,,0
2005-03-04,P02,P02CV27,2005-01-01,62,8.0,56,Medium,3000.0,0.6,80.0,23.571032,22.810051,46.190186,477.30243,RUNNING,24.0,1512.0,1512.0,0,0,1551.2876,37230.902,2442462.666791794,206264.81,10.451511,46.332726,0.90286547,20.132463,,,,0,0.0,,0
2005-03-05,P02,P02CV27,2005-01-01,63,8.0,56,Medium,3000.0,0.6,80.0,23.098455,22.76853,51.014767,484.0955,FAILURE_DAY,12.0,1524.0,1524.0,0,0,1653.86,19846.32,2462308.9865417685,103132.41,10.844937,45.56428,0.9049073,21.62103,,Conveyor_Belt,,0,12.0,0.0,1
2005-03-06,P02,P02CV27,2005-01-01,64,8.0,56,Medium,3000.0,0.6,80.0,23.469366,22.938046,43.930935,484.80994,CORRECTIVE_DOWNTIME,0.0,1524.0,1524.0,0,0,,0.0,2462308.9865417685,0.0,,,,,,,,0,24.0,1.0,1
2005-03-07,P02,P02CV27,2005-01-01,65,8.0,56,Medium,3000.0,0.6,80.0,23.683903,22.53796,46.22675,479.2632,RUNNING,24.0,1548.0,24.0,1,1,1640.0592,39361.42,2501670.407206837,206264.81,10.703005,48.51002,0.9672248,19.319332,29.276081,,,0,0.0,2.0,1
2005-03-08,P02,P02CV27,2005-01-01,66,8.0,56,Medium,3000.0,0.6,80.0,23.495358,23.17587,50.245148,481.651,RUNNING,24.0,1572.0,48.0,0,1,1634.128,39219.074,2540889.481457298,206264.81,10.625078,46.53906,1.094376,22.203505,,,,0,0.0,3.0,1
2005-03-09,P02,P02CV27,2005-01-01,67,8.0,56,Medium,3000.0,0.6,80.0,23.625698,22.345402,48.098286,476.40002,RUNNING,24.0,1596.0,72.0,0,1,1539.8691,36956.86,2577846.341016623,206264.81,10.050075,45.98875,0.99891067,20.684042,,,,0,0.0,4.0,1
2005-03-10,P02,P02CV27,2005-01-01,68,8.0,56,Medium,3000.0,0.6,80.0,23.39699,22.622856,44.121742,478.5049,RUNNING,24.0,1620.0,96.0,0,1,1601.1183,38426.84,2616273.180490715,206264.81,10.364592,44.590008,0.9726784,21.84227,,,,0,0.0,5.0,1
2005-03-11,P02,P02CV27,2005-01-01,69,8.0,56,Medium,3000.0,0.6,80.0,23.379683,22.679153,43.17291,481.5742,RUNNING,24.0,1644.0,120.0,0,1,1646.7123,39521.094,2655794.275375556,206264.81,10.479554,47.64543,0.98607844,22.520864,,,,0,0.0,6.0,1
2005-03-12,P02,P02CV27,2005-01-01,70,8.0,56,Medium,3000.0,0.6,80.0,23.35265,23.167837,49.705452,481.95337,RUNNING,24.0,1668.0,144.0,0,1,1551.8125,37243.5,2693037.7747774757,206264.81,10.173994,47.47502,0.86483246,18.564688,,,,0,0.0,7.0,1
2005-03-13,P02,P02CV27,2005-01-01,71,8.0,56,Medium,3000.0,0.6,80.0,23.02949,22.214224,48.337082,481.07703,RUNNING,24.0,1692.0,168.0,0,1,1699.0194,40776.47,2733814.2416779287,206264.81,10.406711,47.574314,1.1029896,20.926355,,,,0,0.0,8.0,1
2005-03-14,P02,P02CV27,2005-01-01,72,8.0,56,Medium,3000.0,0.6,80.0,23.260962,22.743645,51.19519,481.56918,RUNNING,24.0,1716.0,192.0,0,1,1619.0441,38857.06,2772671.3006170997,206264.81,10.744124,45.36935,0.9688411,23.09683,,,,0,0.0,9.0,1
2005-03-15,P02,P02CV27,2005-01-01,73,8.0,56,Medium,3000.0,0.6,80.0,23.733807,22.29674,50.91738,477.8617,PLANNED_MAINTENANCE,0.0,1716.0,192.0,0,1,,0.0,2772671.3006170997,0.0,,,,,,,,0,24.0,10.0,1
2005-03-16,P02,P02CV27,2005-01-01,74,8.0,56,Medium,3000.0,0.6,80.0,23.573662,22.27904,45.52047,483.0387,RUNNING,24.0,1740.0,24.0,1,2,1722.7584,41346.203,2814017.5032741376,206264.81,11.330349,45.78982,0.9406048,23.131676,29.733541,,,0,0.0,11.0,1
2005-03-17,P02,P02CV27,2005-01-01,75,8.0,56,Medium,3000.0,0.6,80.0,23.418383,23.123333,44.092983,483.8926,RUNNING,24.0,1764.0,48.0,0,2,1587.3486,38096.367,2852113.869290502,206264.81,10.406259,43.47104,0.9214101,19.699001,,,,0,0.0,12.0,1
2005-03-18,P02,P02CV27,2005-01-01,76,8.0,56,Medium,3000.0,0.6,80.0,23.336481,23.112291,52.9943,480.7484,RUNNING,24.0,1788.0,72.0,0,2,1562.2773,37494.656,2889608.5264860336,206264.81,10.235336,43.986816,0.9771125,20.418196,,,,0,0.0,13.0,1
2005-03-19,P02,P02CV27,2005-01-01,77,8.0,56,Medium,3000.0,0.6,80.0,23.661829,22.262949,45.143192,481.03668,RUNNING,24.0,1812.0,96.0,0,2,1557.5621,37381.492,2926990.018948865,206264.81,10.309674,41.31573,0.78638154,20.565466,,,,0,0.0,14.0,1
2005-03-20,P02,P02CV27,2005-01-01,78,8.0,56,Medium,3000.0,0.6,80.0,23.473135,22.966843,51.572666,478.24133,FAILURE_DAY,12.0,1824.0,108.0,0,2,1520.6874,18248.25,2945238.268051505,103132.41,9.994105,47.13836,1.0222431,20.473898,,Bearing,BRG_026,0,12.0,0.0,2
2005-03-21,P02,P02CV27,2005-01-01,79,8.0,56,Medium,3000.0,0.6,80.0,23.355265,22.542376,51.01198,480.51422,CORRECTIVE_DOWNTIME,0.0,1824.0,108.0,0,2,,0.0,2945238.268051505,0.0,,,,,,,,0,24.0,1.0,2
2005-03-22,P02,P02CV27,2005-01-01,80,8.0,56,Medium,3000.0,0.6,80.0,23.031982,22.975832,45.735603,481.52347,RUNNING,24.0,1848.0,24.0,1,3,1527.5037,36660.09,2981898.357394702,206264.81,9.958918,45.198425,0.92690635,21.823317,30.699078,,,0,0.0,2.0,2
2005-03-23,P02,P02CV27,2005-01-01,81,8.0,56,Medium,3000.0,0.6,80.0,23.265163,22.597645,50.85221,477.13602,RUNNING,24.0,1872.0,48.0,0,3,1611.29,38670.96,3020569.316984236,206264.81,10.462916,43.60723,1.0033003,22.038473,,,,0,0.0,3.0,2
2005-03-24,P02,P02CV27,2005-01-01,82,8.0,56,Medium,3000.0,0.6,80.0,23.915092,22.503925,50.53258,481.5748,RUNNING,24.0,1896.0,72.0,0,3,1560.8578,37460.586,3058029.904718821,206264.81,10.035693,44.777878,0.99833924,20.96652,,,,0,0.0,4.0,2
2005-03-25,P02,P02CV27,2005-01-01,83,8.0,56,Medium,3000.0,0.6,80.0,23.818169,22.17829,44.602776,483.15585,RUNNING,24.0,1920.0,96.0,0,3,1716.1837,41188.406,3099218.312668906,206264.81,10.84576,47.383583,1.0032122,20.657198,,,,0,0.0,5.0,2
2005-03-26,P02,P02CV27,2005-01-01,84,8.0,56,Medium,3000.0,0.6,80.0,23.458336,22.684402,44.257698,481.67157,RUNNING,24.0,1944.0,120.0,0,3,1652.8214,39667.715,3138886.0270962934,206264.81,10.457775,44.758045,0.8978032,20.713083,,,,0,0.0,6.0,2
2005-03-27,P02,P02CV27,2005-01-01,85,8.0,56,Medium,3000.0,0.6,80.0,23.403246,23.169373,49.57916,481.40588,RUNNING,24.0,1968.0,144.0,0,3,1668.1959,40036.703,3178922.728489433,206264.81,10.644604,48.473343,0.94809663,18.57062,,,,0,0.0,7.0,2
2005-03-28,P02,P02CV27,2005-01-01,86,8.0,56,Medium,3000.0,0.6,80.0,23.183022,22.66096,48.00207,482.18582,RUNNING,24.0,1992.0,168.0,0,3,1599.1553,38379.727,3217302.456170981,206264.81,10.585821,45.412987,1.0250552,21.201097,,,,0,0.0,8.0,2
2005-03-29,P02,P02CV27,2005-01-01,87,8.0,56,Medium,3000.0,0.6,80.0,23.764833,22.908014,50.386253,480.43066,RUNNING,24.0,2016.0,192.0,0,3,1541.775,37002.6,3254305.056821896,206264.81,10.136268,47.21298,1.0225285,19.788786,,,,0,0.0,9.0,2
2005-03-30,P02,P02CV27,2005-01-01,88,8.0,56,Medium,3000.0,0.6,80.0,23.772863,22.28809,46.773396,482.60062,RUNNING,24.0,2040.0,216.0,0,3,1537.5872,36902.09,3291207.1480234633,206264.81,10.0051365,48.94433,0.92650694,21.354937,,,,0,0.0,10.0,2
2005-03-31,P02,P02CV27,2005-01-01,89,8.0,56,Medium,3000.0,0.6,80.0,23.545454,22.395985,48.7036,478.06888,RUNNING,24.0,2064.0,240.0,0,3,1511.0022,36264.05,3327471.2000430366,206264.81,9.87537,44.904118,0.9851654,19.319601,,,,0,0.0,11.0,2
2005-04-01,P02,P02CV27,2005-01-01,90,8.0,56,Medium,3000.0,0.6,80.0,23.446966,23.184649,49.690853,479.77826,RUNNING,24.0,2088.0,264.0,0,3,1678.8352,40292.043,3367763.2441129517,206264.81,10.694529,45.32523,0.95519894,21.429148,,,,0,0.0,12.0,2
2005-04-02,P02,P02CV27,2005-01-01,91,8.0,56,Medium,3000.0,0.6,80.0,23.37965,22.87585,46.300926,478.96652,RUNNING,24.0,2112.0,288.0,0,3,1538.7181,36929.234,3404692.4780687327,206264.81,9.875563,43.691326,0.94553655,20.665483,,,,0,0.0,13.0,2
2005-04-03,P02,P02CV27,2005-01-01,92,8.0,56,Medium,3000.0,0.6,80.0,23.729477,22.893097,43.201122,478.52682,RUNNING,24.0,2136.0,312.0,0,3,1568.4625,37643.1,3442335.57816243,206264.81,10.424527,44.943424,0.906681,19.57529,,,,0,0.0,14.0,2
2005-04-04,P02,P02CV27,2005-01-01,93,8.0,56,Medium,3000.0,0.6,80.0,23.16893,22.22369,47.105034,480.8957,RUNNING,24.0,2160.0,336.0,0,3,1732.5912,41582.19,3483917.767925266,206264.81,10.897805,45.30313,0.9784585,22.083046,,,,0,0.0,15.0,2
2005-04-05,P02,P02CV27,2005-01-01,94,8.0,56,Medium,3000.0,0.6,80.0,23.218756,23.110266,50.49827,480.82648,RUNNING,24.0,2184.0,360.0,0,3,1544.8125,37075.5,3520993.267024826,206264.81,10.339311,45.119957,1.0686487,21.318892,,,,0,0.0,16.0,2
2005-04-06,P02,P02CV27,2005-01-01,95,8.0,56,Medium,3000.0,0.6,80.0,23.428535,22.278397,49.050243,479.5005,RUNNING,24.0,2208.0,384.0,0,3,1686.9954,40487.89,3561481.156255952,206264.81,11.0407095,44.118633,1.0296538,19.854303,,,,0,0.0,17.0,2
2005-04-07,P02,P02CV27,2005-01-01,96,8.0,56,Medium,3000.0,0.6,80.0,23.54389,22.951197,49.463215,482.0252,RUNNING,24.0,2232.0,408.0,0,3,1665.4913,39971.793,3601452.948237349,206264.81,10.096404,45.84194,1.1181486,22.263645,,,,0,0.0,18.0,2
2005-04-08,P02,P02CV27,2005-01-01,97,8.0,56,Medium,3000.0,0.6,80.0,23.650444,22.745028,44.985027,483.5008,RUNNING,24.0,2256.0,432.0,0,3,1639.8634,39356.72,3640809.668577446,206264.81,10.556651,44.244343,0.95529187,21.195097,,,,0,0.0,19.0,2
2005-04-09,P02,P02CV27,2005-01-01,98,8.0,56,Medium,3000.0,0.6,80.0,23.73865,22.731768,49.410973,483.10577,RUNNING,24.0,2280.0,456.0,0,3,1541.0442,36985.06,3677794.729026763,206264.81,9.970211,47.135933,0.8388821,19.991747,,,,0,0.0,20.0,2
2005-04-10,P02,P02CV27,2005-01-01,99,8.0,56,Medium,3000.0,0.6,80.0,23.76445,23.246113,45.46104,481.24976,RUNNING,24.0,2304.0,480.0,0,3,1577.8212,37867.707,3715662.4366934984,206264.81,10.747269,42.91358,1.0001094,21.717443,,,,0,0.0,21.0,2
2005-04-11,P02,P02CV27,2005-01-01,100,8.0,56,Medium,3000.0,0.6,80.0,23.599205,22.307295,45.314384,481.04916,RUNNING,24.0,2328.0,504.0,0,3,1681.3854,40353.246,3756015.684419524,206264.81,10.89019,48.31969,0.9544791,20.69397,,,,0,0.0,22.0,2
2005-04-12,P02,P02CV27,2005-01-01,101,8.0,56,Medium,3000.0,0.6,80.0,23.642366,22.721724,51.266,480.50928,RUNNING,24.0,2352.0,528.0,0,3,1707.6747,40984.19,3796999.8766032807,206264.81,10.854444,47.51947,1.1154401,22.731415,,,,0,0.0,23.0,2
2005-04-13,P02,P02CV27,2005-01-01,102,8.0,56,Medium,3000.0,0.6,80.0,23.227686,22.72022,49.33613,482.26752,RUNNING,24.0,2376.0,552.0,0,3,1640.0438,39361.055,3836360.929506911,206264.81,10.481856,48.177895,0.9756169,21.833864,,,,0,0.0,24.0,2
2005-04-14,P02,P02CV27,2005-01-01,103,8.0,56,Medium,3000.0,0.6,80.0,23.206171,22.25072,49.228058,479.34204,RUNNING,24.0,2400.0,576.0,0,3,1518.1614,36435.87,3872796.802446008,206264.81,10.48331,45.38763,0.87865627,20.19171,,,,0,0.0,25.0,2
2005-04-15,P02,P02CV27,2005-01-01,104,8.0,56,Medium,3000.0,0.6,80.0,23.880075,22.43695,47.19449,484.00122,RUNNING,24.0,2424.0,600.0,0,3,1614.8721,38756.93,3911553.7313771904,206264.81,10.691188,48.862675,0.9762,20.983582,,,,0,0.0,26.0,2
2005-04-16,P02,P02CV27,2005-01-01,105,8.0,56,Medium,3000.0,0.6,80.0,23.71175,22.674892,43.55242,482.25455,RUNNING,24.0,2448.0,624.0,0,3,1713.3665,41120.793,3952674.5248593185,206264.81,10.805876,46.272026,1.0117904,22.201933,,,,0,0.0,27.0,2
2005-04-17,P02,P02CV27,2005-01-01,106,8.0,56,Medium,3000.0,0.6,80.0,23.74376,22.463688,49.786537,480.83514,FAILURE_DAY,12.0,2460.0,636.0,0,3,1713.7716,20565.26,3973239.784426469,103132.41,10.600335,47.875156,0.77418154,22.908978,,Bearing,BRG_004,0,12.0,0.0,3
2005-04-18,P02,P02CV27,2005-01-01,107,8.0,56,Medium,3000.0,0.6,80.0,23.387228,22.749477,46.58373,476.86734,CORRECTIVE_DOWNTIME,0.0,2460.0,636.0,0,3,,0.0,3973239.784426469,0.0,,,,,,,,0,24.0,1.0,3
2005-04-19,P02,P02CV27,2005-01-01,108,8.0,56,Medium,3000.0,0.6,80.0,23.336143,22.4153,47.555294,480.72095,RUNNING,24.0,2484.0,24.0,1,4,1623.5333,38964.8,4012204.5856907465,206264.81,10.42392,43.366665,1.0390921,21.674173,29.423717,,,0,0.0,2.0,3
2005-04-20,P02,P02CV27,2005-01-01,109,8.0,56,Medium,3000.0,0.6,80.0,23.457664,22.384466,48.26364,483.58545,RUNNING,24.0,2508.0,48.0,0,4,1518.3542,36440.504,4048645.0885518277,206264.81,9.847923,43.769344,1.0577755,20.307865,,,,0,0.0,3.0,3
2005-04-21,P02,P02CV27,2005-01-01,110,8.0,56,Medium,3000.0,0.6,80.0,23.778227,22.456635,47.20614,481.17194,RUNNING,24.0,2532.0,72.0,0,4,1548.9872,37175.69,4085820.781649231,206264.81,10.142537,44.626926,0.9808058,21.808067,,,,0,0.0,4.0,3
2005-04-22,P02,P02CV27,2005-01-01,111,8.0,56,Medium,3000.0,0.6,80.0,23.290426,22.130188,48.370857,478.34888,RUNNING,24.0,2556.0,96.0,0,4,1739.9574,41758.977,4127579.7600781308,206264.81,10.659753,46.09126,0.9696174,20.919827,,,,0,0.0,5.0,3
2005-04-23,P02,P02CV27,2005-01-01,112,8.0,56,Medium,3000.0,0.6,80.0,23.194738,22.950634,52.929493,476.16483,RUNNING,24.0,2580.0,120.0,0,4,1519.2863,36462.87,4164042.6300725727,206264.81,10.372843,46.064854,0.9828321,20.478077,,,,0,0.0,6.0,3
2005-04-24,P02,P02CV27,2005-01-01,113,8.0,56,Medium,3000.0,0.6,80.0,23.238525,23.110725,45.403378,478.53513,RUNNING,24.0,2604.0,144.0,0,4,1720.8966,41301.52,4205344.148545892,206264.81,10.591941,46.79182,1.0534259,21.679565,,,,0,0.0,7.0,3
2005-04-25,P02,P02CV27,2005-01-01,114,8.0,56,Medium,3000.0,0.6,80.0,23.77372,23.078308,43.21539,478.9447,RUNNING,24.0,2628.0,168.0,0,4,1528.559,36685.414,4242029.563962155,206264.81,9.942966,44.49699,0.9699899,23.094242,,,,0,0.0,8.0,3
2005-04-26,P02,P02CV27,2005-01-01,115,8.0,56,Medium,3000.0,0.6,80.0,23.4693,23.2489,51.70603,477.3321,RUNNING,24.0,2652.0,192.0,0,4,1570.0643,37681.543,4279711.108155594,206264.81,10.336387,46.300774,0.98523754,22.619295,,,,0,0.0,9.0,3
2005-04-27,P02,P02CV27,2005-01-01,116,8.0,56,Medium,3000.0,0.6,80.0,23.341469,22.226357,52.385048,478.18927,RUNNING,24.0,2676.0,216.0,0,4,1624.529,38988.7,4318699.80552886,206264.81,10.15601,46.212646,1.0694964,20.930988,,,,0,0.0,10.0,3
2005-04-28,P02,P02CV27,2005-01-01,117,8.0,56,Medium,3000.0,0.6,80.0,23.36773,22.749502,43.596046,485.21335,RUNNING,24.0,2700.0,240.0,0,4,1530.7948,36739.074,4355438.880236774,206264.81,10.07223,45.154697,1.0284909,19.439787,,,,0,0.0,11.0,3
2005-04-29,P02,P02CV27,2005-01-01,118,8.0,56,Medium,3000.0,0.6,80.0,23.243671,23.158552,49.64967,473.7786,RUNNING,24.0,2724.0,264.0,0,4,1601.9775,38447.46,4393886.341024672,206264.81,10.433724,44.48885,1.06631,19.775835,,,,0,0.0,12.0,3
2005-04-30,P02,P02CV27,2005-01-01,119,8.0,56,Medium,3000.0,0.6,80.0,23.877537,22.897978,49.921516,479.4282,RUNNING,24.0,2748.0,288.0,0,4,1643.5414,39444.992,4433331.33380751,206264.81,10.527129,46.64888,0.9666517,20.491102,,,,0,0.0,13.0,3
2005-05-01,P02,P02CV27,2005-01-01,120,8.0,56,Medium,3000.0,0.6,80.0,23.577436,22.558731,46.914825,480.01404,RUNNING,24.0,2772.0,312.0,0,4,1504.1467,36099.52,4469430.854145456,206264.81,10.0409565,44.927128,0.9581829,19.632473,,,,0,0.0,14.0,3
2005-05-02,P02,P02CV27,2005-01-01,121,8.0,56,Medium,3000.0,0.6,80.0,23.861769,22.714657,46.978413,482.63596,RUNNING,24.0,2796.0,336.0,0,4,1610.3671,38648.81,4508079.662942502,206264.81,10.209909,46.392986,1.0285199,20.603764,,,,0,0.0,15.0,3
2005-05-03,P02,P02CV27,2005-01-01,122,8.0,56,Medium,3000.0,0.6,80.0,23.338036,22.375793,45.293846,478.5136,RUNNING,24.0,2820.0,360.0,0,4,1612.7667,38706.402,4546786.06508993,206264.81,10.263388,45.423836,0.9472301,22.028196,,,,0,0.0,16.0,3
2005-05-04,P02,P02CV27,2005-01-01,123,8.0,56,Medium,3000.0,0.6,80.0,23.057499,22.4718,45.10848,484.19016,RUNNING,24.0,2844.0,384.0,0,4,1531.0312,36744.75,4583530.814241913,206264.81,10.03969,45.861603,0.9878333,19.65405,,,,0,0.0,17.0,3
2005-05-05,P02,P02CV27,2005-01-01,124,8.0,56,Medium,3000.0,0.6,80.0,23.36869,22.465715,47.68431,478.297,RUNNING,24.0,2868.0,408.0,0,4,1560.9402,37462.562,4620993.378339394,206264.81,10.137458,47.193558,0.9341455,21.070932,,,,0,0.0,18.0,3
2005-05-06,P02,P02CV27,2005-01-01,125,8.0,56,Medium,3000.0,0.6,80.0,23.129158,22.643377,52.338238,481.60013,RUNNING,24.0,2892.0,432.0,0,4,1611.6272,38679.055,4659672.431886129,206264.81,10.410657,49.215485,0.8759568,19.44495,,,,0,0.0,19.0,3
2005-05-07,P02,P02CV27,2005-01-01,126,8.0,56,Medium,3000.0,0.6,80.0,23.68013,23.162893,46.696342,483.1408,RUNNING,24.0,2916.0,456.0,0,4,1633.7926,39211.023,4698883.4545107335,206264.81,10.6163435,45.63451,0.87983376,21.607231,,,,0,0.0,20.0,3
2005-05-08,P02,P02CV27,2005-01-01,127,8.0,56,Medium,3000.0,0.6,80.0,23.448753,22.390694,46.587345,479.1346,RUNNING,24.0,2940.0,480.0,0,4,1569.026,37656.625,4736540.078280865,206264.81,10.024841,43.282574,0.94968677,18.854603,,,,0,0.0,21.0,3
2005-05-09,P02,P02CV27,2005-01-01,128,8.0,56,Medium,3000.0,0.6,80.0,23.783903,22.376726,52.97266,480.53583,RUNNING,24.0,2964.0,504.0,0,4,1521.0083,36504.2,4773044.278291067,206264.81,9.6978445,46.141216,0.91260195,19.644716,,,,0,0.0,22.0,3
2005-05-10,P02,P02CV27,2005-01-01,129,8.0,56,Medium,3000.0,0.6,80.0,23.562696,22.803032,45.052776,483.9549,RUNNING,24.0,2988.0,528.0,0,4,1691.8992,40605.58,4813649.858063232,206264.81,10.667062,49.795822,0.89726144,21.958136,,,,0,0.0,23.0,3
2005-05-11,P02,P02CV27,2005-01-01,130,8.0,56,Medium,3000.0,0.6,80.0,23.697422,22.180487,50.699547,484.62723,RUNNING,24.0,3012.0,552.0,0,4,1638.5684,39325.64,4852975.497307149,206264.81,10.326178,46.176025,0.96418285,19.728928,,,,0,0.0,24.0,3
2005-05-12,P02,P02CV27,2005-01-01,131,8.0,56,Medium,3000.0,0.6,80.0,23.229998,22.94162,47.67026,477.70807,RUNNING,24.0,3036.0,576.0,0,4,1518.8246,36451.79,4889427.28667142,206264.81,10.175937,44.48921,0.8339988,19.630936,,,,0,0.0,25.0,3
2005-05-13,P02,P02CV27,2005-01-01,132,8.0,56,Medium,3000.0,0.6,80.0,23.564379,22.31036,51.839985,478.13705,RUNNING,24.0,3060.0,600.0,0,4,1520.7429,36497.832,4925925.1173138935,206264.81,10.490186,44.079586,1.0343368,20.755726,,,,0,0.0,26.0,3
2005-05-14,P02,P02CV27,2005-01-01,133,8.0,56,Medium,3000.0,0.6,80.0,23.075779,22.340788,51.385105,480.76468,RUNNING,24.0,3084.0,624.0,0,4,1632.5645,39181.547,4965106.662795961,206264.81,10.528838,46.64177,1.032958,20.11128,,,,0,0.0,27.0,3
2005-05-15,P02,P02CV27,2005-01-01,134,8.0,56,Medium,3000.0,0.6,80.0,23.773499,22.83336,47.927826,482.75217,RUNNING,24.0,3108.0,648.0,0,4,1560.2117,37445.08,5002551.742054487,206264.81,10.196903,43.092007,0.7703674,20.611204,,,,0,0.0,28.0,3
2005-05-16,P02,P02CV27,2005-01-01,135,8.0,56,Medium,3000.0,0.6,80.0,23.594988,22.688643,51.286194,477.85092,RUNNING,24.0,3132.0,672.0,0,4,1561.9557,37486.938,5040038.679744312,206264.81,10.303545,43.869778,0.9375343,21.699198,,,,0,0.0,29.0,3
2005-05-17,P02,P02CV27,2005-01-01,136,8.0,56,Medium,3000.0,0.6,80.0,23.728518,23.118805,48.32317,479.27533,RUNNING,24.0,3156.0,696.0,0,4,1590.9312,38182.348,5078221.027647656,206264.81,10.23556,45.307953,0.9311933,21.488682,,,,0,0.0,30.0,3
2005-05-18,P02,P02CV27,2005-01-01,137,8.0,56,Medium,3000.0,0.6,80.0,23.096281,22.253977,47.808147,482.7906,RUNNING,24.0,3180.0,720.0,0,4,1721.3271,41311.85,5119532.877944301,206264.81,11.016243,47.30563,0.9312981,22.707302,,,,0,0.0,31.0,3
2005-05-19,P02,P02CV27,2005-01-01,138,8.0,56,Medium,3000.0,0.6,80.0,23.88705,22.460884,44.77665,482.14786,FAILURE_DAY,12.0,3192.0,732.0,0,4,1658.9237,19907.084,5139439.961844265,103132.41,10.499355,47.03986,0.9511242,21.323288,,Bearing,BRG_032,0,12.0,0.0,4
2005-05-20,P02,P02CV27,2005-01-01,139,8.0,56,Medium,3000.0,0.6,80.0,23.367317,22.430895,45.97102,480.16507,CORRECTIVE_DOWNTIME,0.0,3192.0,732.0,0,4,,0.0,5139439.961844265,0.0,,,,,,,,0,24.0,1.0,4
2005-05-21,P02,P02CV27,2005-01-01,140,8.0,56,Medium,3000.0,0.6,80.0,23.466759,22.61216,48.51396,480.02582,RUNNING,24.0,3216.0,24.0,1,5,1615.39,38769.36,5178209.320815949,206264.81,10.057097,46.631027,0.88275087,20.099373,29.443352,,,0,0.0,2.0,4
2005-05-22,P02,P02CV27,2005-01-01,141,8.0,56,Medium,3000.0,0.6,80.0,23.095667,23.0223,43.634308,479.48737,RUNNING,24.0,3240.0,48.0,0,5,1511.9479,36286.746,5214496.068515611,206264.81,9.89744,44.543663,0.9096779,18.209723,,,,0,0.0,3.0,4
2005-05-23,P02,P02CV27,2005-01-01,142,8.0,56,Medium,3000.0,0.6,80.0,23.924215,22.230433,46.526203,484.43057,RUNNING,24.0,3264.0,72.0,0,5,1543.6284,37047.082,5251543.149107803,206264.81,10.143385,45.558136,0.9847178,20.172132,,,,0,0.0,4.0,4
2005-05-24,P02,P02CV27,2005-01-01,143,8.0,56,Medium,3000.0,0.6,80.0,23.269335,22.286592,43.90258,482.64066,RUNNING,24.0,3288.0,96.0,0,5,1707.9421,40990.613,5292533.760522044,206264.81,10.601911,48.75265,1.1084112,22.928425,,,,0,0.0,5.0,4
2005-05-25,P02,P02CV27,2005-01-01,144,8.0,56,Medium,3000.0,0.6,80.0,23.182352,22.915825,49.061623,479.2872,RUNNING,24.0,3312.0,120.0,0,5,1669.3668,40064.8,5332598.562905808,206264.81,10.710087,44.231472,1.0578908,23.177507,,,,0,0.0,6.0,4
2005-05-26,P02,P02CV27,2005-01-01,145,8.0,56,Medium,3000.0,0.6,80.0,23.265543,22.547762,50.148315,479.98508,RUNNING,24.0,3336.0,144.0,0,5,1677.1179,40250.832,5372849.393838332,206264.81,11.143607,46.713432,0.98499197,23.208862,,,,0,0.0,7.0,4
2005-05-27,P02,P02CV27,2005-01-01,146,8.0,56,Medium,3000.0,0.6,80.0,23.416616,22.436464,46.59812,487.52054,RUNNING,24.0,3360.0,168.0,0,5,1683.5186,40404.445,5413253.839116206,206264.81,10.552105,50.05026,1.0958921,20.340652,,,,0,0.0,8.0,4
2005-05-28,P02,P02CV27,2005-01-01,147,8.0,56,Medium,3000.0,0.6,80.0,23.423584,22.27368,51.96499,481.5387,RUNNING,24.0,3384.0,192.0,0,5,1728.5328,41484.79,5454738.626522907,206264.81,11.084977,46.885258,0.9888817,21.29267,,,,0,0.0,9.0,4
2005-05-29,P02,P02CV27,2005-01-01,148,8.0,56,Medium,3000.0,0.6,80.0,23.1593,22.607159,51.578995,479.51636,RUNNING,24.0,3408.0,216.0,0,5,1582.9249,37990.2,5492728.824078776,206264.81,10.30803,47.55359,1.0698516,21.291094,,,,0,0.0,10.0,4
2005-05-30,P02,P02CV27,2005-01-01,149,8.0,56,Medium,3000.0,0.6,80.0,23.089872,22.27619,48.07159,481.6839,RUNNING,24.0,3432.0,240.0,0,5,1728.1517,41475.64,5534204.464826571,206264.81,11.230843,45.64167,0.9732586,23.214008,,,,0,0.0,11.0,4
2005-05-31,P02,P02CV27,2005-01-01,150,8.0,56,Medium,3000.0,0.6,80.0,23.43248,23.03284,49.43317,483.63022,RUNNING,24.0,3456.0,264.0,0,5,1693.1173,40634.816,5574839.279783309,206264.81,10.71798,47.954395,0.8989744,21.927916,,,,0,0.0,12.0,4
2005-06-01,P02,P02CV27,2005-01-01,151,8.0,56,Medium,3000.0,0.6,80.0,24.44325,23.746851,47.38625,482.45004,RUNNING,24.0,3480.0,288.0,0,5,1534.7927,36835.023,5611674.3037243495,206264.81,10.175334,44.473408,0.8813552,21.34643,,,,0,0.0,13.0,4
2005-06-02,P02,P02CV27,2005-01-01,152,8.0,56,Medium,3000.0,0.6,80.0,24.1021,23.611898,48.338394,478.3382,RUNNING,24.0,3504.0,312.0,0,5,1668.5242,40044.58,5651718.882399923,206264.81,10.56814,50.408478,1.0556237,19.488787,,,,0,0.0,14.0,4
2005-06-03,P02,P02CV27,2005-01-01,153,8.0,56,Medium,3000.0,0.6,80.0,24.0892,23.846022,49.756657,477.8452,RUNNING,24.0,3528.0,336.0,0,5,1639.7664,39354.39,5691073.274497732,206264.81,10.623375,48.36508,1.0057503,22.5483,,,,0,0.0,15.0,4
2005-06-04,P02,P02CV27,2005-01-01,154,8.0,56,Medium,3000.0,0.6,80.0,25.241693,23.974869,43.558384,484.12582,RUNNING,24.0,3552.0,360.0,0,5,1513.9711,36335.305,5727408.579385909,206264.81,9.812022,46.898075,1.0604138,20.513277,,,,0,0.0,16.0,4
2005-06-05,P02,P02CV27,2005-01-01,155,8.0,56,Medium,3000.0,0.6,80.0,25.45091,23.672682,48.61695,480.68054,RUNNING,24.0,3576.0,384.0,0,5,1577.262,37854.285,5765262.8663767595,206264.81,10.412442,46.37943,1.0911379,21.309027,,,,0,0.0,17.0,4
2005-06-06,P02,P02CV27,2005-01-01,156,8.0,56,Medium,3000.0,0.6,80.0,23.741411,23.568953,50.050446,484.12592,FAILURE_DAY,12.0,3588.0,396.0,0,5,1706.1866,20474.24,5785737.106644268,103132.41,10.819986,46.89019,0.95505977,21.862007,,Bearing,BRG_048,0,12.0,0.0,5
2005-06-07,P02,P02CV27,2005-01-01,157,8.0,56,Medium,3000.0,0.6,80.0,25.275766,23.086946,51.81758,479.8288,CORRECTIVE_DOWNTIME,0.0,3588.0,396.0,0,5,,0.0,5785737.106644268,0.0,,,,,,,,0,24.0,1.0,5
2005-06-08,P02,P02CV27,2005-01-01,158,8.0,56,Medium,3000.0,0.6,80.0,24.28981,23.882812,49.485172,481.54706,RUNNING,24.0,3612.0,24.0,1,6,1607.7341,38585.617,5824322.724382948,206264.81,10.752106,49.594418,0.95090544,21.86764,30.020754,,,0,0.0,2.0,5
2005-06-09,P02,P02CV27,2005-01-01,159,8.0,56,Medium,3000.0,0.6,80.0,24.355179,23.953974,47.790333,482.33386,RUNNING,24.0,3636.0,48.0,0,6,1510.403,36249.67,5860572.395707642,206264.81,10.062782,44.444286,0.8652236,19.10926,,,,0,0.0,3.0,5
2005-06-10,P02,P02CV27,2005-01-01,160,8.0,56,Medium,3000.0,0.6,80.0,25.15207,24.456268,52.479702,483.08575,RUNNING,24.0,3660.0,72.0,0,6,1688.1821,40516.37,5901088.767116481,206264.81,10.715412,48.697018,1.0503846,22.049463,,,,0,0.0,4.0,5
2005-06-11,P02,P02CV27,2005-01-01,161,8.0,56,Medium,3000.0,0.6,80.0,23.935785,23.341307,47.00335,481.0464,RUNNING,24.0,3684.0,96.0,0,6,1570.0913,37682.19,5938770.958083752,206264.81,10.254185,43.584324,1.1051203,20.590178,,,,0,0.0,5.0,5
2005-06-12,P02,P02CV27,2005-01-01,162,8.0,56,Medium,3000.0,0.6,80.0,24.062346,24.030664,45.428825,485.6624,FAILURE_DAY,12.0,3696.0,108.0,0,6,1699.2473,20390.969,5959161.926303716,103132.41,10.701689,47.010902,1.0904169,21.190102,,Bearing,BRG_015,0,12.0,0.0,6
2005-06-13,P02,P02CV27,2005-01-01,163,8.0,56,Medium,3000.0,0.6,80.0,24.34654,23.366537,44.24929,484.04358,CORRECTIVE_DOWNTIME,0.0,3696.0,108.0,0,6,,0.0,5959161.926303716,0.0,,,,,,,,0,24.0,1.0,6
2005-06-14,P02,P02CV27,2005-01-01,164,8.0,56,Medium,3000.0,0.6,80.0,25.446148,24.346624,50.383175,480.61032,RUNNING,24.0,3720.0,24.0,1,7,1597.8849,38349.24,5997511.163220097,206264.81,10.325958,47.37897,1.0368181,21.957438,29.322048,,,0,0.0,2.0,6
2005-06-15,P02,P02CV27,2005-01-01,165,8.0,56,Medium,3000.0,0.6,80.0,24.380522,23.568237,48.28005,481.50073,RUNNING,24.0,3744.0,48.0,0,7,1678.3038,40279.293,6037790.455632931,206264.81,10.728196,46.417233,0.989929,22.999008,,,,0,0.0,3.0,6
2005-06-16,P02,P02CV27,2005-01-01,166,8.0,56,Medium,3000.0,0.6,80.0,25.29846,23.784426,46.933773,477.30582,FAILURE_DAY,12.0,3756.0,60.0,0,7,1621.6747,19460.096,6057250.551211288,103132.41,10.555951,51.387867,0.9529694,20.613775,,Bearing,BRG_050,0,12.0,0.0,7
2005-06-17,P02,P02CV27,2005-01-01,167,8.0,56,Medium,3000.0,0.6,80.0,24.386446,23.852177,44.516212,478.8424,CORRECTIVE_DOWNTIME,0.0,3756.0,60.0,0,7,,0.0,6057250.551211288,0.0,,,,,,,,0,24.0,1.0,7
2005-06-18,P02,P02CV27,2005-01-01,168,8.0,56,Medium,3000.0,0.6,80.0,24.963009,24.546911,48.889202,483.46017,RUNNING,24.0,3780.0,24.0,1,8,1592.4468,38218.723,6095469.272820515,206264.81,10.5150385,46.29485,0.9102413,19.793415,29.719345,,,0,0.0,2.0,7
2005-06-19,P02,P02CV27,2005-01-01,169,8.0,56,Medium,3000.0,0.6,80.0,24.270842,23.546118,51.36256,485.58755,RUNNING,24.0,3804.0,48.0,0,8,1703.3344,40880.023,6136349.297557219,206264.81,10.839348,49.485744,1.0337917,22.116144,,,,0,0.0,3.0,7
2005-06-20,P02,P02CV27,2005-01-01,170,8.0,56,Medium,3000.0,0.6,80.0,25.126484,23.39336,43.013245,487.6378,RUNNING,24.0,3828.0,72.0,0,8,1664.6575,39951.777,6176301.07565628,206264.81,10.634604,48.289803,1.0258021,21.17159,,,,0,0.0,4.0,7
2005-06-21,P02,P02CV27,2005-01-01,171,8.0,56,Medium,3000.0,0.6,80.0,25.082907,24.16425,46.782906,479.2556,RUNNING,24.0,3852.0,96.0,0,8,1687.9902,40511.766,6216812.842088394,206264.81,10.956575,47.37512,0.9688724,22.15578,,,,0,0.0,5.0,7
2005-06-22,P02,P02CV27,2005-01-01,172,8.0,56,Medium,3000.0,0.6,80.0,24.266579,23.720026,48.28067,484.17508,RUNNING,24.0,3876.0,120.0,0,8,1604.9292,38518.3,6255331.143981515,206264.81,10.523389,45.78209,0.8664118,20.975004,,,,0,0.0,6.0,7
2005-06-23,P02,P02CV27,2005-01-01,173,8.0,56,Medium,3000.0,0.6,80.0,24.356695,23.804295,43.310764,482.4404,RUNNING,24.0,3900.0,144.0,0,8,1713.374,41120.977,6296452.12022172,206264.81,11.123324,47.9216,1.0888058,22.640894,,,,0,0.0,7.0,7
2005-06-24,P02,P02CV27,2005-01-01,174,8.0,56,Medium,3000.0,0.6,80.0,24.579659,23.327188,44.526993,485.67157,FAILURE_DAY,12.0,3912.0,156.0,0,8,1614.5249,19374.299,6315826.419533801,103132.41,10.617529,46.68454,1.0666788,20.951633,,Bearing,BRG_047,0,12.0,0.0,8
2005-06-25,P02,P02CV27,2005-01-01,175,8.0,56,Medium,3000.0,0.6,80.0,24.315144,23.084974,43.61793,483.33,CORRECTIVE_DOWNTIME,0.0,3912.0,156.0,0,8,,0.0,6315826.419533801,0.0,,,,,,,,0,24.0,1.0,8
2005-06-26,P02,P02CV27,2005-01-01,176,8.0,56,Medium,3000.0,0.6,80.0,25.447397,23.666225,47.879467,479.8601,RUNNING,24.0,3936.0,24.0,1,9,1599.1847,38380.434,6354206.852782066,206264.81,10.5566,46.30667,1.0174781,20.437187,31.077667,,,0,0.0,2.0,8
2005-06-27,P02,P02CV27,2005-01-01,177,8.0,56,Medium,3000.0,0.6,80.0,23.879784,23.20059,52.723225,480.4431,FAILURE_DAY,12.0,3948.0,36.0,0,9,1592.3352,19108.023,6373314.875381627,103132.41,10.112007,46.806686,0.9313385,22.29895,,Bearing,BRG_021,0,12.0,0.0,9
2005-06-28,P02,P02CV27,2005-01-01,178,8.0,56,Medium,3000.0,0.6,80.0,25.331839,23.900229,45.581127,480.5642,CORRECTIVE_DOWNTIME,0.0,3948.0,36.0,0,9,,0.0,6373314.875381627,0.0,,,,,,,,0,24.0,1.0,9
2005-06-29,P02,P02CV27,2005-01-01,179,8.0,56,Medium,3000.0,0.6,80.0,23.899502,23.119267,45.62128,477.09393,RUNNING,24.0,3972.0,24.0,1,10,1635.6323,39255.176,6412570.05102385,206264.81,10.844546,47.699417,0.9923594,21.834696,30.059286,,,0,0.0,2.0,9
2005-06-30,P02,P02CV27,2005-01-01,180,8.0,56,Medium,3000.0,0.6,80.0,25.114117,24.049149,45.03451,481.4448,RUNNING,24.0,3996.0,48.0,0,10,1716.4159,41193.98,6453764.031834501,206264.81,11.08586,49.942574,1.1912696,23.153492,,,,0,0.0,3.0,9
2005-07-01,P02,P02CV27,2005-01-01,181,8.0,56,Medium,3000.0,0.6,80.0,24.854897,23.863283,46.168285,481.5547,FAILURE_DAY,12.0,4008.0,60.0,0,10,1513.3425,18160.111,6471924.142446145,103132.41,10.127846,46.863865,1.0173903,20.895485,,Bearing,BRG_029,0,12.0,0.0,10
2005-07-02,P02,P02CV27,2005-01-01,182,8.0,56,Medium,3000.0,0.6,80.0,24.836687,24.459465,49.04628,479.83203,CORRECTIVE_DOWNTIME,0.0,4008.0,60.0,0,10,,0.0,6471924.142446145,0.0,,,,,,,,0,24.0,1.0,10
2005-07-03,P02,P02CV27,2005-01-01,183,8.0,56,Medium,3000.0,0.6,80.0,25.39128,23.834808,44.193466,478.70233,RUNNING,24.0,4032.0,24.0,1,11,1516.3091,36391.418,6508315.560494428,206264.81,10.005455,46.5383,1.1158215,21.512592,29.974993,,,0,0.0,2.0,10
2005-07-04,P02,P02CV27,2005-01-01,184,8.0,56,Medium,3000.0,0.6,80.0,25.149199,23.476496,45.85169,478.96237,RUNNING,24.0,4056.0,48.0,0,11,1645.4073,39489.777,6547805.336557068,206264.81,10.88652,48.006035,1.0606285,20.88997,,,,0,0.0,3.0,10
2005-07-05,P02,P02CV27,2005-01-01,185,8.0,56,Medium,3000.0,0.6,80.0,25.00344,23.1426,44.612545,481.48587,RUNNING,24.0,4080.0,72.0,0,11,1622.7893,38946.94,6586752.2787904125,206264.81,10.344535,47.61793,1.067245,20.867563,,,,0,0.0,4.0,10
2005-07-06,P02,P02CV27,2005-01-01,186,8.0,56,Medium,3000.0,0.6,80.0,25.42685,24.329014,48.349293,482.71017,RUNNING,24.0,4104.0,96.0,0,11,1635.3192,39247.66,6625999.939354909,206264.81,11.24046,48.858746,1.1732786,19.954111,,,,0,0.0,5.0,10
2005-07-07,P02,P02CV27,2005-01-01,187,8.0,56,Medium,3000.0,0.6,80.0,24.096972,23.89635,49.156654,479.02353,RUNNING,24.0,4128.0,120.0,0,11,1645.8094,39499.426,6665499.366153311,206264.81,10.762459,49.558083,1.0682418,20.755037,,,,0,0.0,6.0,10
2005-07-08,P02,P02CV27,2005-01-01,188,8.0,56,Medium,3000.0,0.6,80.0,24.420462,23.70542,46.3188,479.6896,FAILURE_DAY,12.0,4140.0,132.0,0,11,1658.9204,19907.045,6685406.411362808,103132.41,11.014476,49.479683,0.99947613,21.338861,,Bearing,BRG_007,0,12.0,0.0,11
2005-07-09,P02,P02CV27,2005-01-01,189,8.0,56,Medium,3000.0,0.6,80.0,24.249346,23.744337,44.547764,478.1104,CORRECTIVE_DOWNTIME,0.0,4140.0,132.0,0,11,,0.0,6685406.411362808,0.0,,,,,,,,0,24.0,1.0,11
2005-07-10,P02,P02CV27,2005-01-01,190,8.0,56,Medium,3000.0,0.6,80.0,24.310476,23.298182,45.777096,481.90488,RUNNING,24.0,4164.0,24.0,1,12,1637.4272,39298.254,6724704.664489348,206264.81,10.604597,46.996746,0.99954724,21.744741,30.459608,,,0,0.0,2.0,11
2005-07-11,P02,P02CV27,2005-01-01,191,8.0,56,Medium,3000.0,0.6,80.0,24.044062,23.885439,49.21157,481.07938,FAILURE_DAY,12.0,4176.0,36.0,0,12,1671.42,20057.041,6744761.705641075,103132.41,10.643297,48.352165,1.0934365,23.348164,,Bearing,BRG_017,0,12.0,0.0,12
2005-07-12,P02,P02CV27,2005-01-01,192,8.0,56,Medium,3000.0,0.6,80.0,25.414415,23.102777,46.84133,480.87766,CORRECTIVE_DOWNTIME,0.0,4176.0,36.0,0,12,,0.0,6744761.705641075,0.0,,,,,,,,0,24.0,1.0,12
2005-07-13,P02,P02CV27,2005-01-01,193,8.0,56,Medium,3000.0,0.6,80.0,24.578728,24.205961,48.05867,484.4956,FAILURE_DAY,12.0,4188.0,12.0,1,13,1609.7188,19316.625,6764078.330678729,103132.41,10.480024,47.172794,1.1086386,20.359133,30.037407,Bearing,BRG_030,0,12.0,0.0,13
2005-07-14,P02,P02CV27,2005-01-01,194,8.0,56,Medium,3000.0,0.6,80.0,25.29292,24.243507,52.21142,476.71338,CORRECTIVE_DOWNTIME,0.0,4188.0,12.0,0,13,,0.0,6764078.330678729,0.0,,,,,,,,0,24.0,1.0,13
2005-07-15,P02,P02CV27,2005-01-01,195,8.0,56,Medium,3000.0,0.6,80.0,25.156116,23.81144,49.12413,479.59644,PLANNED_MAINTENANCE,0.0,4188.0,12.0,0,13,,0.0,6764078.330678729,0.0,,,,,,,,0,24.0,2.0,13
2005-07-16,P02,P02CV27,2005-01-01,196,8.0,56,Medium,3000.0,0.6,80.0,24.786497,23.818336,49.67331,479.0488,FAILURE_DAY,12.0,4200.0,12.0,1,14,1730.2709,20763.25,6784841.580530009,103132.41,10.937579,48.10835,1.0982602,21.732183,29.015402,Bearing,BRG_041,0,12.0,0.0,14
2005-07-17,P02,P02CV27,2005-01-01,197,8.0,56,Medium,3000.0,0.6,80.0,25.404776,23.335978,46.36263,483.2787,CORRECTIVE_DOWNTIME,0.0,4200.0,12.0,0,14,,0.0,6784841.580530009,0.0,,,,,,,,0,24.0,1.0,14
2005-07-18,P02,P02CV27,2005-01-01,198,8.0,56,Medium,3000.0,0.6,80.0,25.083723,24.398006,51.386806,481.808,FAILURE_DAY,12.0,4212.0,12.0,1,15,1503.4271,18041.125,6802882.706294109,103132.41,10.00212,46.179497,1.158699,19.384235,30.744057,Bearing,BRG_049,0,12.0,0.0,15
2005-07-19,P02,P02CV27,2005-01-01,199,8.0,56,Medium,3000.0,0.6,80.0,25.401728,23.403032,43.347553,480.49826,CORRECTIVE_DOWNTIME,0.0,4212.0,12.0,0,15,,0.0,6802882.706294109,0.0,,,,,,,,0,24.0,1.0,15
2005-07-20,P02,P02CV27,2005-01-01,200,8.0,56,Medium,3000.0,0.6,80.0,24.82729,24.593876,47.48436,478.74973,RUNNING,24.0,4236.0,24.0,1,16,1608.2048,38596.914,6841479.621727966,206264.81,10.605409,44.70065,1.1405151,18.528524,29.071978,,,0,0.0,2.0,15
2005-07-21,P02,P02CV27,2005-01-01,201,8.0,56,Medium,3000.0,0.6,80.0,25.038311,24.472744,43.0788,484.36813,FAILURE_DAY,12.0,4248.0,36.0,0,16,1669.5765,20034.918,6861514.539532746,103132.41,10.914286,47.20311,1.1341076,21.561195,,Bearing,BRG_024,0,12.0,0.0,16
2005-07-22,P02,P02CV27,2005-01-01,202,8.0,56,Medium,3000.0,0.6,80.0,25.344284,24.106861,44.547493,477.42358,CORRECTIVE_DOWNTIME,0.0,4248.0,36.0,0,16,,0.0,6861514.539532746,0.0,,,,,,,,0,24.0,1.0,16
2005-07-23,P02,P02CV27,2005-01-01,203,8.0,56,Medium,3000.0,0.6,80.0,24.492117,23.702295,51.752525,478.04807,RUNNING,24.0,4272.0,24.0,1,17,1592.2975,38215.14,6899729.679032111,206264.81,10.530643,46.196606,0.88641524,20.011848,28.657795,,,0,0.0,2.0,16
2005-07-24,P02,P02CV27,2005-01-01,204,8.0,56,Medium,3000.0,0.6,80.0,24.593044,23.34434,51.62973,483.45258,RUNNING,24.0,4296.0,48.0,0,17,1724.81,41395.44,6941125.1214984795,206264.81,11.108854,51.573944,1.1236995,21.118835,,,,0,0.0,3.0,16
2005-07-25,P02,P02CV27,2005-01-01,205,8.0,56,Medium,3000.0,0.6,80.0,24.372423,24.284203,48.586628,481.93777,RUNNING,24.0,4320.0,72.0,0,17,1567.0952,37610.285,6978735.40639004,206264.81,10.31021,44.723267,1.0751376,21.295033,,,,0,0.0,4.0,16
2005-07-26,P02,P02CV27,2005-01-01,206,8.0,56,Medium,3000.0,0.6,80.0,25.061714,23.056107,47.70239,481.728,FAILURE_DAY,12.0,4332.0,84.0,0,17,1686.0452,20232.543,6998967.948891421,103132.41,10.331291,47.213097,0.97647154,21.526485,,Bearing,BRG_005,0,12.0,0.0,17
2005-07-27,P02,P02CV27,2005-01-01,207,8.0,56,Medium,3000.0,0.6,80.0,25.380104,23.363136,45.534725,484.145,CORRECTIVE_DOWNTIME,0.0,4332.0,84.0,0,17,,0.0,6998967.948891421,0.0,,,,,,,,0,24.0,1.0,17
2005-07-28,P02,P02CV27,2005-01-01,208,8.0,56,Medium,3000.0,0.6,80.0,24.69798,24.469728,45.969944,480.4585,FAILURE_DAY,12.0,4344.0,12.0,1,18,1520.8922,18250.707,7017218.655839821,103132.41,10.180696,48.669777,1.1133413,20.048294,30.256666,Bearing,BRG_056,0,12.0,0.0,18
2005-07-29,P02,P02CV27,2005-01-01,209,8.0,56,Medium,3000.0,0.6,80.0,24.475632,24.263235,51.281353,479.37692,CORRECTIVE_DOWNTIME,0.0,4344.0,12.0,0,18,,0.0,7017218.655839821,0.0,,,,,,,,0,24.0,1.0,18
2005-07-30,P02,P02CV27,2005-01-01,210,8.0,56,Medium,3000.0,0.6,80.0,25.428085,23.253902,50.141968,481.79126,RUNNING,24.0,4368.0,24.0,1,19,1591.5991,38198.38,7055417.035259771,206264.81,10.423259,47.08859,1.1893399,20.34496,30.51487,,,0,0.0,2.0,18
2005-07-31,P02,P02CV27,2005-01-01,211,8.0,56,Medium,3000.0,0.6,80.0,24.37732,23.794851,52.301582,481.59073,FAILURE_DAY,12.0,4380.0,36.0,0,19,1588.3822,19060.588,7074477.622303566,103132.41,10.547796,48.422153,1.2026486,21.19242,,Bearing,BRG_036,0,12.0,0.0,19
2005-08-01,P02,P02CV27,2005-01-01,212,8.0,56,Medium,3000.0,0.6,80.0,24.611195,23.09368,52.801735,480.1793,CORRECTIVE_DOWNTIME,0.0,4380.0,36.0,0,19,,0.0,7074477.622303566,0.0,,,,,,,,0,24.0,1.0,19
2005-08-02,P02,P02CV27,2005-01-01,213,8.0,56,Medium,3000.0,0.6,80.0,25.153397,23.378012,45.511036,481.8934,RUNNING,24.0,4404.0,24.0,1,20,1638.7308,39329.54,7113807.162841122,206264.81,10.753429,48.537983,1.1573274,21.700586,30.400934,,,0,0.0,2.0,19
2005-08-03,P02,P02CV27,2005-01-01,214,8.0,56,Medium,3000.0,0.6,80.0,24.095325,23.519936,50.865685,479.98465,RUNNING,24.0,4428.0,48.0,0,20,1652.393,39657.43,7153464.592745362,206264.81,10.800881,47.95911,1.1564993,20.062624,,,,0,0.0,3.0,19
2005-08-04,P02,P02CV27,2005-01-01,215,8.0,56,Medium,3000.0,0.6,80.0,25.24376,23.084965,45.47334,481.96323,RUNNING,24.0,4452.0,72.0,0,20,1665.0767,39961.84,7193426.433066028,206264.81,10.934184,49.29123,1.1449928,20.024492,,,,0,0.0,4.0,19
2005-08-05,P02,P02CV27,2005-01-01,216,8.0,56,Medium,3000.0,0.6,80.0,24.733213,24.22089,48.565815,478.77103,RUNNING,24.0,4476.0,96.0,0,20,1556.5032,37356.074,7230782.508104809,206264.81,10.743337,47.614777,1.0362664,22.186779,,,,0,0.0,5.0,19
2005-08-06,P02,P02CV27,2005-01-01,217,8.0,56,Medium,3000.0,0.6,80.0,24.43672,23.542776,51.28263,481.6798,RUNNING,24.0,4500.0,120.0,0,20,1720.1294,41283.105,7272065.612566729,206264.81,11.041946,48.190216,1.1335336,22.157713,,,,0,0.0,6.0,19
2005-08-07,P02,P02CV27,2005-01-01,218,8.0,56,Medium,3000.0,0.6,80.0,24.653584,23.389374,48.0955,477.2786,FAILURE_DAY,12.0,4512.0,132.0,0,20,1711.229,20534.748,7292600.361058884,103132.41,10.790916,46.897594,1.1719897,18.93224,,Bearing,BRG_034,0,12.0,0.0,20
2005-08-08,P02,P02CV27,2005-01-01,219,8.0,56,Medium,3000.0,0.6,80.0,24.389189,24.302727,51.54936,478.5094,CORRECTIVE_DOWNTIME,0.0,4512.0,132.0,0,20,,0.0,7292600.361058884,0.0,,,,,,,,0,24.0,1.0,20
2005-08-09,P02,P02CV27,2005-01-01,220,8.0,56,Medium,3000.0,0.6,80.0,25.22587,23.644577,43.839905,477.99405,RUNNING,24.0,4536.0,24.0,1,21,1523.4692,36563.26,7329163.624170821,206264.81,10.31106,46.612106,1.109549,18.239733,30.131275,,,0,0.0,2.0,20
2005-08-10,P02,P02CV27,2005-01-01,221,8.0,56,Medium,3000.0,0.6,80.0,25.439676,23.46309,51.695805,475.59836,RUNNING,24.0,4560.0,48.0,0,21,1671.029,40104.7,7369268.321733847,206264.81,10.558518,49.736862,1.2754862,22.16445,,,,0,0.0,3.0,20
2005-08-11,P02,P02CV27,2005-01-01,222,8.0,56,Medium,3000.0,0.6,80.0,24.539309,23.834837,48.029755,481.4734,FAILURE_DAY,12.0,4572.0,60.0,0,21,1610.4749,19325.7,7388594.020654396,103132.41,10.582475,48.054474,1.1322953,21.188654,,Bearing,BRG_004,0,12.0,0.0,21
2005-08-12,P02,P02CV27,2005-01-01,223,8.0,56,Medium,3000.0,0.6,80.0,24.274761,23.828884,43.88073,483.23517,CORRECTIVE_DOWNTIME,0.0,4572.0,60.0,0,21,,0.0,7388594.020654396,0.0,,,,,,,,0,24.0,1.0,21
2005-08-13,P02,P02CV27,2005-01-01,224,8.0,56,Medium,3000.0,0.6,80.0,25.401314,23.56244,52.52285,482.40134,RUNNING,24.0,4596.0,24.0,1,22,1572.8021,37747.25,7426341.272504719,206264.81,10.523672,50.63877,1.1547178,20.352865,30.623804,,,0,0.0,2.0,21
2005-08-14,P02,P02CV27,2005-01-01,225,8.0,56,Medium,3000.0,0.6,80.0,24.523073,23.878998,50.395626,478.0425,RUNNING,24.0,4620.0,48.0,0,22,1683.7325,40409.582,7466750.853078446,206264.81,10.58688,51.595062,1.1154587,21.898457,,,,0,0.0,3.0,21
2005-08-15,P02,P02CV27,2005-01-01,226,8.0,56,Medium,3000.0,0.6,80.0,25.195822,24.022417,49.87098,481.21628,RUNNING,24.0,4644.0,72.0,0,22,1611.2289,38669.492,7505420.345403672,206264.81,10.794595,48.43956,1.1539388,19.917103,,,,0,0.0,4.0,21
2005-08-16,P02,P02CV27,2005-01-01,227,8.0,56,Medium,3000.0,0.6,80.0,24.557081,23.787317,51.213596,485.33163,RUNNING,24.0,4668.0,96.0,0,22,1710.1075,41042.58,7546462.925234945,206264.81,10.97871,50.02202,1.1335613,21.542606,,,,0,0.0,5.0,21
2005-08-17,P02,P02CV27,2005-01-01,228,8.0,56,Medium,3000.0,0.6,80.0,24.795317,24.470982,50.920177,480.0203,RUNNING,24.0,4692.0,120.0,0,22,1565.5223,37572.54,7584035.462742488,206264.81,10.293805,49.031185,1.3027923,20.180258,,,,0,0.0,6.0,21
2005-08-18,P02,P02CV27,2005-01-01,229,8.0,56,Medium,3000.0,0.6,80.0,24.960493,23.756569,46.054092,479.3174,RUNNING,24.0,4716.0,144.0,0,22,1587.8704,38108.89,7622144.351653283,206264.81,10.165782,46.619663,1.1692523,19.548458,,,,0,0.0,7.0,21
2005-08-19,P02,P02CV27,2005-01-01,230,8.0,56,Medium,3000.0,0.6,80.0,24.812675,23.354464,48.057137,476.61282,RUNNING,24.0,4740.0,168.0,0,22,1659.8413,39836.19,7661980.543214962,206264.81,10.829011,49.150597,1.2317172,22.511873,,,,0,0.0,8.0,21
2005-08-20,P02,P02CV27,2005-01-01,231,8.0,56,Medium,3000.0,0.6,80.0,25.436268,23.8566,52.87914,480.4677,RUNNING,24.0,4764.0,192.0,0,22,1588.7028,38128.867,7700109.410655656,206264.81,10.587876,48.658154,1.125067,22.728209,,,,0,0.0,9.0,21
2005-08-21,P02,P02CV27,2005-01-01,232,8.0,56,Medium,3000.0,0.6,80.0,24.035168,23.044834,45.18518,481.97806,RUNNING,24.0,4788.0,216.0,0,22,1583.625,38007.0,7738116.412034311,206264.81,10.475903,49.178425,1.1807567,21.710894,,,,0,0.0,10.0,21
2005-08-22,P02,P02CV27,2005-01-01,233,8.0,56,Medium,3000.0,0.6,80.0,25.084028,24.428665,45.358044,478.04205,FAILURE_DAY,12.0,4800.0,228.0,0,22,1600.3368,19204.041,7757320.453858745,103132.41,10.682902,50.522972,1.0109267,20.696215,,Bearing,BRG_053,0,12.0,0.0,22
2005-08-23,P02,P02CV27,2005-01-01,234,8.0,56,Medium,3000.0,0.6,80.0,24.545912,24.459806,50.56145,480.02612,CORRECTIVE_DOWNTIME,0.0,4800.0,228.0,0,22,,0.0,7757320.453858745,0.0,,,,,,,,0,24.0,1.0,22
2005-08-24,P02,P02CV27,2005-01-01,235,8.0,56,Medium,3000.0,0.6,80.0,24.344143,23.31027,51.15734,485.9509,RUNNING,24.0,4824.0,24.0,1,23,1507.9384,36190.52,7793510.974092986,206264.81,9.846782,45.870213,1.2812388,20.758614,29.05552,,,0,0.0,2.0,22
2005-08-25,P02,P02CV27,2005-01-01,236,8.0,56,Medium,3000.0,0.6,80.0,25.434147,23.90739,45.50507,485.38098,RUNNING,24.0,4848.0,48.0,0,23,1538.0203,36912.49,7830423.461312025,206264.81,10.2276535,46.73213,1.2663462,21.482672,,,,0,0.0,3.0,22
2005-08-26,P02,P02CV27,2005-01-01,237,8.0,56,Medium,3000.0,0.6,80.0,24.228552,23.731253,45.86848,480.62744,RUNNING,24.0,4872.0,72.0,0,23,1571.4578,37714.984,7868138.447571093,206264.81,10.23541,44.643402,1.1004438,21.023426,,,,0,0.0,4.0,22
2005-08-27,P02,P02CV27,2005-01-01,238,8.0,56,Medium,3000.0,0.6,80.0,23.926268,23.74643,48.641785,478.40808,RUNNING,24.0,4896.0,96.0,0,23,1597.6162,38342.79,7906481.235344877,206264.81,10.74322,45.86643,1.1358025,20.620308,,,,0,0.0,5.0,22
2005-08-28,P02,P02CV27,2005-01-01,239,8.0,56,Medium,3000.0,0.6,80.0,25.07424,23.718813,43.321236,481.75797,RUNNING,24.0,4920.0,120.0,0,23,1678.2538,40278.094,7946759.327143407,206264.81,10.500618,46.09577,1.2813013,22.224655,,,,0,0.0,6.0,22
2005-08-29,P02,P02CV27,2005-01-01,240,8.0,56,Medium,3000.0,0.6,80.0,24.27375,23.768566,52.22933,475.49164,RUNNING,24.0,4944.0,144.0,0,23,1631.3821,39153.168,7985912.496346162,206264.81,10.731785,46.787716,1.3809187,20.813528,,,,0,0.0,7.0,22
2005-08-30,P02,P02CV27,2005-01-01,241,8.0,56,Medium,3000.0,0.6,80.0,25.424604,24.107874,48.414654,479.63434,RUNNING,24.0,4968.0,168.0,0,23,1534.8119,36835.484,8022747.981740648,206264.81,10.4536495,47.320927,1.3353956,19.093441,,,,0,0.0,8.0,22
2005-08-31,P02,P02CV27,2005-01-01,242,8.0,56,Medium,3000.0,0.6,80.0,25.05589,23.257395,48.864716,480.5446,RUNNING,24.0,4992.0,192.0,0,23,1653.5782,39685.88,8062433.859963354,206264.81,10.5576725,49.71487,1.1628621,22.104683,,,,0,0.0,9.0,22
2005-09-01,P02,P02CV27,2005-01-01,243,8.0,56,Medium,3000.0,0.6,80.0,23.393429,22.323528,52.652348,485.48083,RUNNING,24.0,5016.0,216.0,0,23,1561.9503,37486.81,8099920.6674427185,206264.81,9.974114,47.468998,1.160027,19.674202,,,,0,0.0,10.0,22
2005-09-02,P02,P02CV27,2005-01-01,244,8.0,56,Medium,3000.0,0.6,80.0,22.916262,22.111727,46.616,478.9286,RUNNING,24.0,5040.0,240.0,0,23,1550.2599,37206.24,8137126.903826668,206264.81,10.148455,45.70842,1.2749784,21.133055,,,,0,0.0,11.0,22
2005-09-03,P02,P02CV27,2005-01-01,245,8.0,56,Medium,3000.0,0.6,80.0,22.823376,22.414686,45.3417,478.63736,RUNNING,24.0,5064.0,264.0,0,23,1673.3824,40161.18,8177288.082638509,206264.81,11.029699,46.02877,1.1969396,21.927603,,,,0,0.0,12.0,22
2005-09-04,P02,P02CV27,2005-01-01,246,8.0,56,Medium,3000.0,0.6,80.0,22.636856,22.35192,50.449997,479.30692,RUNNING,24.0,5088.0,288.0,0,23,1643.8158,39451.582,8216739.66275518,206264.81,10.437375,47.683823,1.1633439,22.770803,,,,0,0.0,13.0,22
2005-09-05,P02,P02CV27,2005-01-01,247,8.0,56,Medium,3000.0,0.6,80.0,23.155647,22.95446,50.1593,481.55054,RUNNING,24.0,5112.0,312.0,0,23,1579.0739,37897.773,8254637.435071179,206264.81,10.44452,45.776802,1.2475706,21.369469,,,,0,0.0,14.0,22
2005-09-06,P02,P02CV27,2005-01-01,248,8.0,56,Medium,3000.0,0.6,80.0,23.437187,22.926836,47.409878,482.75052,RUNNING,24.0,5136.0,336.0,0,23,1697.7842,40746.82,8295384.255963633,206264.81,11.084724,47.923664,1.4305344,21.463337,,,,0,0.0,15.0,22
2005-09-07,P02,P02CV27,2005-01-01,249,8.0,56,Medium,3000.0,0.6,80.0,23.132309,22.117,52.48034,476.95654,RUNNING,24.0,5160.0,360.0,0,23,1688.9254,40534.21,8335918.466894004,206264.81,10.9287195,47.879593,1.2469063,22.244467,,,,0,0.0,16.0,22
2005-09-08,P02,P02CV27,2005-01-01,250,8.0,56,Medium,3000.0,0.6,80.0,22.711246,22.432596,44.883247,486.6157,FAILURE_DAY,12.0,5172.0,372.0,0,23,1642.2008,19706.41,8355624.876330588,103132.41,10.353698,46.59075,1.5565131,21.972208,,Bearing,BRG_018,0,12.0,0.0,23
2005-09-09,P02,P02CV27,2005-01-01,251,8.0,56,Medium,3000.0,0.6,80.0,23.250847,22.678429,50.34994,477.09723,CORRECTIVE_DOWNTIME,0.0,5172.0,372.0,0,23,,0.0,8355624.876330588,0.0,,,,,,,,0,24.0,1.0,23
2005-09-10,P02,P02CV27,2005-01-01,252,8.0,56,Medium,3000.0,0.6,80.0,23.440907,22.418177,49.090954,477.0984,FAILURE_DAY,12.0,5184.0,12.0,1,24,1613.9329,19367.195,8374992.0707758,103132.41,10.237414,45.784378,1.2525828,21.598164,30.438839,Bearing,BRG_025,0,12.0,0.0,24
2005-09-11,P02,P02CV27,2005-01-01,253,8.0,56,Medium,3000.0,0.6,80.0,22.769142,22.32921,50.147278,481.79602,CORRECTIVE_DOWNTIME,0.0,5184.0,12.0,0,24,,0.0,8374992.0707758,0.0,,,,,,,,0,24.0,1.0,24
2005-09-12,P02,P02CV27,2005-01-01,254,8.0,56,Medium,3000.0,0.6,80.0,23.189423,22.398884,43.78269,486.15973,RUNNING,24.0,5208.0,24.0,1,25,1552.88,37269.12,8412261.190866629,206264.81,10.232399,45.957233,1.271481,22.311405,28.497023,,,0,0.0,2.0,24
2005-09-13,P02,P02CV27,2005-01-01,255,8.0,56,Medium,3000.0,0.6,80.0,22.957146,22.434494,50.90984,483.07712,RUNNING,24.0,5232.0,48.0,0,25,1707.1562,40971.75,8453232.94005352,206264.81,10.99559,50.645126,1.431836,22.020433,,,,0,0.0,3.0,24
2005-09-14,P02,P02CV27,2005-01-01,256,8.0,56,Medium,3000.0,0.6,80.0,23.108778,22.538082,50.195522,480.45197,RUNNING,24.0,5256.0,72.0,0,25,1558.1556,37395.734,8490628.675255172,206264.81,10.517942,48.493294,1.2861438,21.725248,,,,0,0.0,4.0,24
2005-09-15,P02,P02CV27,2005-01-01,257,8.0,56,Medium,3000.0,0.6,80.0,22.918816,22.710491,48.130997,482.34625,RUNNING,24.0,5280.0,96.0,0,25,1737.3417,41696.2,8532324.875080613,206264.81,11.425397,48.68019,1.4804118,22.092043,,,,0,0.0,5.0,24
2005-09-16,P02,P02CV27,2005-01-01,258,8.0,56,Medium,3000.0,0.6,80.0,23.412203,22.443895,48.754642,480.68964,RUNNING,24.0,5304.0,120.0,0,25,1700.2131,40805.113,8573129.989126211,206264.81,10.980261,46.48314,1.6308645,23.007479,,,,0,0.0,6.0,24
2005-09-17,P02,P02CV27,2005-01-01,259,8.0,56,Medium,3000.0,0.6,80.0,23.126139,22.08852,50.15596,477.68134,RUNNING,24.0,5328.0,144.0,0,25,1632.946,39190.707,8612320.694650594,206264.81,10.851115,50.959618,1.4192836,22.854311,,,,0,0.0,7.0,24
2005-09-18,P02,P02CV27,2005-01-01,260,8.0,56,Medium,3000.0,0.6,80.0,22.612886,22.03168,51.924812,484.19998,RUNNING,24.0,5352.0,168.0,0,25,1581.1089,37946.613,8650267.30870908,206264.81,10.639769,45.956593,1.3991262,20.549574,,,,0,0.0,8.0,24
2005-09-19,P02,P02CV27,2005-01-01,261,8.0,56,Medium,3000.0,0.6,80.0,22.873676,22.14155,46.591335,481.3595,RUNNING,24.0,5376.0,192.0,0,25,1536.5302,36876.723,8687144.032438925,206264.81,10.663529,46.638683,1.502605,21.485338,,,,0,0.0,9.0,24
2005-09-20,P02,P02CV27,2005-01-01,262,8.0,56,Medium,3000.0,0.6,80.0,22.965565,22.038137,52.888634,476.35574,RUNNING,24.0,5400.0,216.0,0,25,1525.3706,36608.895,8723752.92571586,206264.81,9.925618,45.66941,1.4762393,20.873238,,,,0,0.0,10.0,24
2005-09-21,P02,P02CV27,2005-01-01,263,8.0,56,Medium,3000.0,0.6,80.0,23.300697,22.880178,50.613625,481.88605,RUNNING,24.0,5424.0,240.0,0,25,1647.2726,39534.543,8763287.468444495,206264.81,10.69575,48.893932,1.430735,23.308693,,,,0,0.0,11.0,24
2005-09-22,P02,P02CV27,2005-01-01,264,8.0,56,Medium,3000.0,0.6,80.0,22.969643,22.512457,52.029095,481.65634,RUNNING,24.0,5448.0,264.0,0,25,1689.2024,40540.86,8803828.326318674,206264.81,11.183663,46.320408,1.3932077,21.151175,,,,0,0.0,12.0,24
2005-09-23,P02,P02CV27,2005-01-01,265,8.0,56,Medium,3000.0,0.6,80.0,23.244144,22.310373,43.326355,474.8254,RUNNING,24.0,5472.0,288.0,0,25,1694.3118,40663.484,8844491.80880033,206264.81,10.6723995,49.398384,1.5160191,21.808207,,,,0,0.0,13.0,24
2005-09-24,P02,P02CV27,2005-01-01,266,8.0,56,Medium,3000.0,0.6,80.0,22.617954,22.242485,47.955338,478.7537,RUNNING,24.0,5496.0,312.0,0,25,1608.7802,38610.723,8883102.53291432,206264.81,10.508329,48.037643,1.470897,20.962175,,,,0,0.0,14.0,24
2005-09-25,P02,P02CV27,2005-01-01,267,8.0,56,Medium,3000.0,0.6,80.0,23.058882,22.656809,46.84834,480.23245,FAILURE_DAY,12.0,5508.0,324.0,0,25,1556.3785,18676.543,8901779.075109795,103132.41,10.530473,48.22122,1.5395916,20.243345,,Bearing,BRG_045,0,12.0,0.0,25
2005-09-26,P02,P02CV27,2005-01-01,268,8.0,56,Medium,3000.0,0.6,80.0,23.033125,22.61675,51.60799,480.61472,CORRECTIVE_DOWNTIME,0.0,5508.0,324.0,0,25,,0.0,8901779.075109795,0.0,,,,,,,,0,24.0,1.0,25
2005-09-27,P02,P02CV27,2005-01-01,269,8.0,56,Medium,3000.0,0.6,80.0,23.15349,22.411572,44.5893,476.6589,RUNNING,24.0,5532.0,24.0,1,26,1524.334,36584.016,8938363.091129428,206264.81,10.211684,46.773598,1.6075262,20.075462,31.722916,,,0,0.0,2.0,25
2005-09-28,P02,P02CV27,2005-01-01,270,8.0,56,Medium,3000.0,0.6,80.0,22.955835,22.700766,49.09398,482.09927,RUNNING,24.0,5556.0,48.0,0,26,1701.0918,40826.203,8979189.29516788,206264.81,10.881575,50.61974,1.5491593,23.121727,,,,0,0.0,3.0,25
2005-09-29,P02,P02CV27,2005-01-01,271,8.0,56,Medium,3000.0,0.6,80.0,23.45606,22.331638,48.49597,482.87524,RUNNING,24.0,5580.0,72.0,0,26,1537.8242,36907.78,9016097.077396085,206264.81,10.625951,48.50364,1.4743321,17.962662,,,,0,0.0,4.0,25
2005-09-30,P02,P02CV27,2005-01-01,272,8.0,56,Medium,3000.0,0.6,80.0,23.02684,22.619013,49.14155,478.6411,RUNNING,24.0,5604.0,96.0,0,26,1704.5297,40908.71,9057005.789341087,206264.81,10.477935,48.650494,1.6591377,20.888645,,,,0,0.0,5.0,25
2005-10-01,P02,P02CV27,2005-01-01,273,8.0,56,Medium,3000.0,0.6,80.0,22.881403,22.654173,50.761387,480.2127,RUNNING,24.0,5628.0,120.0,0,26,1554.4489,37306.773,9094312.562854681,206264.81,10.268167,48.666107,1.4337232,20.688305,,,,0,0.0,6.0,25
2005-10-02,P02,P02CV27,2005-01-01,274,8.0,56,Medium,3000.0,0.6,80.0,23.428719,22.665956,50.880867,483.42633,RUNNING,24.0,5652.0,144.0,0,26,1640.9365,39382.477,9133695.038722543,206264.81,10.648298,49.22273,1.641651,21.570353,,,,0,0.0,7.0,25
2005-10-03,P02,P02CV27,2005-01-01,275,8.0,56,Medium,3000.0,0.6,80.0,23.195635,22.808208,49.97148,481.05322,RUNNING,24.0,5676.0,168.0,0,26,1543.1594,37035.83,9170730.86492669,206264.81,10.57338,48.772057,1.6973274,19.541887,,,,0,0.0,8.0,25
2005-10-04,P02,P02CV27,2005-01-01,276,8.0,56,Medium,3000.0,0.6,80.0,23.131876,22.438444,50.885094,481.3824,RUNNING,24.0,5700.0,192.0,0,26,1517.5476,36421.145,9207152.007832794,206264.81,10.3189535,45.60557,1.5330067,20.547382,,,,0,0.0,9.0,25
2005-10-05,P02,P02CV27,2005-01-01,277,8.0,56,Medium,3000.0,0.6,80.0,23.101706,22.691853,45.858093,480.38644,RUNNING,24.0,5724.0,216.0,0,26,1505.5812,36133.95,9243285.95702337,206264.81,10.314194,47.66679,1.4885893,20.066835,,,,0,0.0,10.0,25
2005-10-06,P02,P02CV27,2005-01-01,278,8.0,56,Medium,3000.0,0.6,80.0,23.201967,22.952175,44.372845,482.2519,RUNNING,24.0,5748.0,240.0,0,26,1714.3904,41145.367,9284431.325791225,206264.81,11.014184,46.679955,1.5856539,22.72951,,,,0,0.0,11.0,25
2005-10-07,P02,P02CV27,2005-01-01,279,8.0,56,Medium,3000.0,0.6,80.0,23.192417,22.373472,47.700108,480.05304,RUNNING,24.0,5772.0,264.0,0,26,1643.6895,39448.547,9323879.87196766,206264.81,10.599176,47.93969,1.6769915,23.322977,,,,0,0.0,12.0,25
2005-10-08,P02,P02CV27,2005-01-01,280,8.0,56,Medium,3000.0,0.6,80.0,22.630001,22.515413,46.577038,480.41745,RUNNING,24.0,5796.0,288.0,0,26,1704.7909,40914.984,9364794.854790494,206264.81,11.212314,49.660233,1.6629721,22.693012,,,,0,0.0,13.0,25
2005-10-09,P02,P02CV27,2005-01-01,281,8.0,56,Medium,3000.0,0.6,80.0,22.826036,22.766888,44.07654,480.73193,RUNNING,24.0,5820.0,312.0,0,26,1544.3591,37064.617,9401859.47295452,206264.81,10.427156,48.190254,1.6431981,19.600765,,,,0,0.0,14.0,25
2005-10-10,P02,P02CV27,2005-01-01,282,8.0,56,Medium,3000.0,0.6,80.0,23.389126,22.383259,43.5037,475.17462,RUNNING,24.0,5844.0,336.0,0,26,1657.8903,39789.367,9441648.840601861,206264.81,11.097985,47.29041,1.7461916,20.090416,,,,0,0.0,15.0,25
2005-10-11,P02,P02CV27,2005-01-01,283,8.0,56,Medium,3000.0,0.6,80.0,22.831903,21.949907,46.13595,484.1586,RUNNING,24.0,5868.0,360.0,0,26,1723.3564,41360.555,9483009.396352578,206264.81,11.28933,49.072777,1.6310542,20.92491,,,,0,0.0,16.0,25
2005-10-12,P02,P02CV27,2005-01-01,284,8.0,56,Medium,3000.0,0.6,80.0,23.261642,22.71823,51.433903,482.17227,RUNNING,24.0,5892.0,384.0,0,26,1653.581,39685.945,9522695.340602336,206264.81,10.758905,49.3956,1.653096,22.118656,,,,0,0.0,17.0,25
2005-10-13,P02,P02CV27,2005-01-01,285,8.0,56,Medium,3000.0,0.6,80.0,22.654282,22.543928,50.838627,479.7461,RUNNING,24.0,5916.0,408.0,0,26,1554.648,37311.55,9560006.891443765,206264.81,10.710645,46.738914,1.7238894,22.448114,,,,0,0.0,18.0,25
2005-10-14,P02,P02CV27,2005-01-01,286,8.0,56,Medium,3000.0,0.6,80.0,23.341372,22.206291,47.687424,480.55908,RUNNING,24.0,5940.0,432.0,0,26,1612.2758,38694.62,9598701.511062788,206264.81,10.651013,48.7653,1.8886366,21.706959,,,,0,0.0,19.0,25
2005-10-15,P02,P02CV27,2005-01-01,287,8.0,56,Medium,3000.0,0.6,80.0,23.424185,21.91121,48.04612,479.5095,RUNNING,24.0,5964.0,456.0,0,26,1724.1853,41380.45,9640081.958817272,206264.81,11.294625,51.044674,1.6083413,21.416384,,,,0,0.0,20.0,25
2005-10-16,P02,P02CV27,2005-01-01,288,8.0,56,Medium,3000.0,0.6,80.0,22.771746,22.303705,43.44289,484.705,RUNNING,24.0,5988.0,480.0,0,26,1503.4496,36082.79,9676164.749470294,206264.81,10.267286,46.476974,1.7098818,21.642958,,,,0,0.0,21.0,25
2005-10-17,P02,P02CV27,2005-01-01,289,8.0,56,Medium,3000.0,0.6,80.0,22.923655,22.911554,43.280464,480.75723,RUNNING,24.0,6012.0,504.0,0,26,1728.7532,41490.08,9717654.825994004,206264.81,11.572695,49.277935,1.7052968,21.355936,,,,0,0.0,22.0,25
2005-10-18,P02,P02CV27,2005-01-01,290,8.0,56,Medium,3000.0,0.6,80.0,23.017836,22.608479,52.076923,484.90924,RUNNING,24.0,6036.0,528.0,0,26,1579.0729,37897.75,9755552.575423827,206264.81,10.63545,47.55418,1.721836,19.91648,,,,0,0.0,23.0,25
2005-10-19,P02,P02CV27,2005-01-01,291,8.0,56,Medium,3000.0,0.6,80.0,22.833044,22.683577,46.073486,477.9519,RUNNING,24.0,6060.0,552.0,0,26,1615.8531,38780.477,9794333.05177257,206264.81,10.999958,45.542255,1.788375,23.034334,,,,0,0.0,24.0,25
2005-10-20,P02,P02CV27,2005-01-01,292,8.0,56,Medium,3000.0,0.6,80.0,23.373755,22.545444,52.098923,482.21317,RUNNING,24.0,6084.0,576.0,0,26,1704.7249,40913.4,9835246.448985824,206264.81,10.869935,50.615803,1.8626976,22.680923,,,,0,0.0,25.0,25
2005-10-21,P02,P02CV27,2005-01-01,293,8.0,56,Medium,3000.0,0.6,80.0,22.58274,22.358074,45.744816,475.0789,RUNNING,24.0,6108.0,600.0,0,26,1708.9264,41014.234,9876260.682920808,206264.81,11.188802,51.783092,1.8594455,22.077126,,,,0,0.0,26.0,25
2005-10-22,P02,P02CV27,2005-01-01,294,8.0,56,Medium,3000.0,0.6,80.0,22.71949,22.624838,50.408268,479.61624,RUNNING,24.0,6132.0,624.0,0,26,1556.7378,37361.707,9913622.389406905,206264.81,10.806436,50.582546,1.7992495,20.339024,,,,0,0.0,27.0,25
2005-10-23,P02,P02CV27,2005-01-01,295,8.0,56,Medium,3000.0,0.6,80.0,23.161816,22.998468,46.138145,480.6911,RUNNING,24.0,6156.0,648.0,0,26,1668.5627,40045.508,9953667.895487456,206264.81,10.958737,47.821095,1.8573072,20.887638,,,,0,0.0,28.0,25
2005-10-24,P02,P02CV27,2005-01-01,296,8.0,56,Medium,3000.0,0.6,80.0,23.345896,23.017796,45.134563,480.65674,RUNNING,24.0,6180.0,672.0,0,26,1712.9419,41110.605,9994778.502170274,206264.81,10.990188,49.18962,1.8997318,22.288477,,,,0,0.0,29.0,25
2005-10-25,P02,P02CV27,2005-01-01,297,8.0,56,Medium,3000.0,0.6,80.0,23.173113,22.411001,49.41818,479.34378,RUNNING,24.0,6204.0,696.0,0,26,1558.2229,37397.348,10032175.85175757,206264.81,10.69599,48.21357,1.9409212,21.569561,,,,0,0.0,30.0,25
2005-10-26,P02,P02CV27,2005-01-01,298,8.0,56,Medium,3000.0,0.6,80.0,22.805153,22.622272,47.5721,485.0546,RUNNING,24.0,6228.0,720.0,0,26,1527.713,36665.113,10068840.963137137,206264.81,10.07464,49.194714,1.8715522,21.380983,,,,0,0.0,31.0,25
2005-10-27,P02,P02CV27,2005-01-01,299,8.0,56,Medium,3000.0,0.6,80.0,23.055592,21.98746,48.96515,481.71112,RUNNING,24.0,6252.0,744.0,0,26,1602.7666,38466.4,10107307.362147514,206264.81,10.937473,47.001694,1.9030573,22.70076,,,,0,0.0,32.0,25
2005-10-28,P02,P02CV27,2005-01-01,300,8.0,56,Medium,3000.0,0.6,80.0,23.305523,22.41361,45.528454,474.79428,RUNNING,24.0,6276.0,768.0,0,26,1516.5194,36396.465,10143703.826686412,206264.81,10.016786,46.792828,1.8230699,19.649673,,,,0,0.0,33.0,25
2005-10-29,P02,P02CV27,2005-01-01,301,8.0,56,Medium,3000.0,0.6,80.0,22.738398,22.47474,46.513386,482.69348,RUNNING,24.0,6300.0,792.0,0,26,1713.083,41113.992,10184817.818449011,206264.81,11.600541,48.88713,1.7675308,21.385519,,,,0,0.0,34.0,25
2005-10-30,P02,P02CV27,2005-01-01,302,8.0,56,Medium,3000.0,0.6,80.0,23.39519,22.661205,48.4581,475.1064,RUNNING,24.0,6324.0,816.0,0,26,1723.3751,41361.004,10226178.822487092,206264.81,11.078802,49.862858,2.0981095,22.793821,,,,0,0.0,35.0,25
2005-10-31,P02,P02CV27,2005-01-01,303,8.0,56,Medium,3000.0,0.6,80.0,22.730854,21.928888,52.70719,474.14072,RUNNING,24.0,6348.0,840.0,0,26,1609.2778,38622.668,10264801.491049623,206264.81,10.389696,48.947178,1.9438688,21.691801,,,,0,0.0,36.0,25
2005-11-01,P02,P02CV27,2005-01-01,304,8.0,56,Medium,3000.0,0.6,80.0,22.936588,22.43577,43.855305,481.2727,RUNNING,24.0,6372.0,864.0,0,26,1590.6709,38176.1,10302977.592973309,206264.81,10.936943,47.954254,1.9025111,21.366062,,,,0,0.0,37.0,25
2005-11-02,P02,P02CV27,2005-01-01,305,8.0,56,Medium,3000.0,0.6,80.0,23.249458,22.430689,50.007793,474.44025,RUNNING,24.0,6396.0,888.0,0,26,1563.7546,37530.11,10340507.70388836,206264.81,10.729655,49.80715,1.9512907,21.405844,,,,0,0.0,38.0,25
2005-11-03,P02,P02CV27,2005-01-01,306,8.0,56,Medium,3000.0,0.6,80.0,23.382982,22.135645,46.25634,479.24005,RUNNING,24.0,6420.0,912.0,0,26,1664.6157,39950.777,10380458.482015697,206264.81,11.085201,48.11759,1.9540458,20.491425,,,,0,0.0,39.0,25
2005-11-04,P02,P02CV27,2005-01-01,307,8.0,56,Medium,3000.0,0.6,80.0,22.86708,22.766333,49.442654,478.83453,RUNNING,24.0,6444.0,936.0,0,26,1508.2605,36198.25,10416656.733621959,206264.81,10.5591345,48.59031,2.019009,22.408157,,,,0,0.0,40.0,25
2005-11-05,P02,P02CV27,2005-01-01,308,8.0,56,Medium,3000.0,0.6,80.0,22.9736,22.135733,47.137505,482.60544,RUNNING,24.0,6468.0,960.0,0,26,1549.8955,37197.492,10453854.224983515,206264.81,10.369762,50.02981,1.960256,21.008448,,,,0,0.0,41.0,25
2005-11-06,P02,P02CV27,2005-01-01,309,8.0,56,Medium,3000.0,0.6,80.0,22.82917,22.239786,51.120197,486.07727,FAILURE_DAY,12.0,6480.0,972.0,0,26,1609.2676,19311.21,10473165.436495872,103132.41,10.63071,46.88428,2.017029,22.253134,,Bearing,BRG_051,0,12.0,0.0,26
2005-11-07,P02,P02CV27,2005-01-01,310,8.0,56,Medium,3000.0,0.6,80.0,22.9793,22.03426,48.061188,481.784,CORRECTIVE_DOWNTIME,0.0,6480.0,972.0,0,26,,0.0,10473165.436495872,0.0,,,,,,,,0,24.0,1.0,26
2005-11-08,P02,P02CV27,2005-01-01,311,8.0,56,Medium,3000.0,0.6,80.0,23.066875,22.957891,50.615273,481.19125,FAILURE_DAY,12.0,6492.0,12.0,1,27,1699.6954,20396.346,10493561.781785104,103132.41,11.143589,48.040268,2.0060565,22.516912,28.703535,Bearing,BRG_012,0,12.0,0.0,27
2005-11-09,P02,P02CV27,2005-01-01,312,8.0,56,Medium,3000.0,0.6,80.0,23.426226,22.858898,48.51314,480.90802,CORRECTIVE_DOWNTIME,0.0,6492.0,12.0,0,27,,0.0,10493561.781785104,0.0,,,,,,,,0,24.0,1.0,27
2005-11-10,P02,P02CV27,2005-01-01,313,8.0,56,Medium,3000.0,0.6,80.0,22.858547,22.64677,49.90901,479.25253,RUNNING,24.0,6516.0,24.0,1,28,1610.0023,38640.055,10532201.836312557,206264.81,10.962868,50.300934,2.0365486,22.390955,30.576906,,,0,0.0,2.0,27
2005-11-11,P02,P02CV27,2005-01-01,314,8.0,56,Medium,3000.0,0.6,80.0,23.263016,22.707897,52.093643,480.45352,FAILURE_DAY,12.0,6528.0,36.0,0,28,1723.1846,20678.215,10552880.050507335,103132.41,11.23,49.134335,1.949886,21.036585,,Bearing,BRG_016,0,12.0,0.0,28
2005-11-12,P02,P02CV27,2005-01-01,315,8.0,56,Medium,3000.0,0.6,80.0,22.768454,22.010796,47.300446,487.32684,CORRECTIVE_DOWNTIME,0.0,6528.0,36.0,0,28,,0.0,10552880.050507335,0.0,,,,,,,,0,24.0,1.0,28
2005-11-13,P02,P02CV27,2005-01-01,316,8.0,56,Medium,3000.0,0.6,80.0,23.189386,22.697836,46.203358,482.75732,FAILURE_DAY,12.0,6540.0,12.0,1,29,1597.9976,19175.97,10572056.02055769,103132.41,10.556292,51.140793,2.0024953,20.876806,29.182247,Bearing,BRG_022,0,12.0,0.0,29
2005-11-14,P02,P02CV27,2005-01-01,317,8.0,56,Medium,3000.0,0.6,80.0,23.081549,22.438787,45.93189,482.59195,CORRECTIVE_DOWNTIME,0.0,6540.0,12.0,0,29,,0.0,10572056.02055769,0.0,,,,,,,,0,24.0,1.0,29
2005-11-15,P02,P02CV27,2005-01-01,318,8.0,56,Medium,3000.0,0.6,80.0,22.976646,22.65521,52.89422,480.93152,RUNNING,24.0,6564.0,24.0,1,30,1692.4872,40619.69,10612675.712356707,206264.81,11.276859,48.304302,1.9766086,21.65783,29.384518,,,0,0.0,2.0,29
2005-11-16,P02,P02CV27,2005-01-01,319,8.0,56,Medium,3000.0,0.6,80.0,23.085485,22.32125,48.851208,480.9887,RUNNING,24.0,6588.0,48.0,0,30,1626.8125,39043.5,10651719.213659553,206264.81,10.80018,50.570835,1.9760358,21.837666,,,,0,0.0,3.0,29
2005-11-17,P02,P02CV27,2005-01-01,320,8.0,56,Medium,3000.0,0.6,80.0,22.709183,22.214174,46.11745,479.01166,RUNNING,24.0,6612.0,72.0,0,30,1632.2699,39174.477,10690893.690498622,206264.81,11.137171,47.600178,2.1085906,21.238066,,,,0,0.0,4.0,29
2005-11-18,P02,P02CV27,2005-01-01,321,8.0,56,Medium,3000.0,0.6,80.0,23.262592,22.069069,49.732986,484.10797,RUNNING,24.0,6636.0,96.0,0,30,1704.2532,40902.074,10731795.766350409,206264.81,11.452678,55.05421,2.0425174,21.896366,,,,0,0.0,5.0,29
2005-11-19,P02,P02CV27,2005-01-01,322,8.0,56,Medium,3000.0,0.6,80.0,22.816118,22.502136,45.58942,479.69452,FAILURE_DAY,12.0,6648.0,108.0,0,30,1723.9097,20686.916,10752482.682844482,103132.41,11.413464,51.609604,2.268058,23.107216,,Bearing,BRG_048,0,12.0,0.0,30
2005-11-20,P02,P02CV27,2005-01-01,323,8.0,56,Medium,3000.0,0.6,80.0,22.67524,22.0514,51.440323,485.76242,CORRECTIVE_DOWNTIME,0.0,6648.0,108.0,0,30,,0.0,10752482.682844482,0.0,,,,,,,,0,24.0,1.0,30
2005-11-21,P02,P02CV27,2005-01-01,324,8.0,56,Medium,3000.0,0.6,80.0,22.871265,22.80826,49.270107,480.6784,RUNNING,24.0,6672.0,24.0,1,31,1567.1898,37612.555,10790095.237184651,206264.81,10.738516,50.89934,2.1357954,21.952341,28.832788,,,0,0.0,2.0,30
2005-11-22,P02,P02CV27,2005-01-01,325,8.0,56,Medium,3000.0,0.6,80.0,23.335438,22.008158,52.238758,484.60083,RUNNING,24.0,6696.0,48.0,0,31,1709.3608,41024.66,10831119.897689793,206264.81,11.282041,51.120583,2.024608,23.978685,,,,0,0.0,3.0,30
2005-11-23,P02,P02CV27,2005-01-01,326,8.0,56,Medium,3000.0,0.6,80.0,22.6452,21.910221,43.142788,482.43738,RUNNING,24.0,6720.0,72.0,0,31,1514.6781,36352.277,10867472.173476024,206264.81,10.744027,49.478096,2.3065383,20.917976,,,,0,0.0,4.0,30
2005-11-24,P02,P02CV27,2005-01-01,327,8.0,56,Medium,3000.0,0.6,80.0,23.107204,22.169664,51.968414,476.8473,RUNNING,24.0,6744.0,96.0,0,31,1572.3339,37736.01,10905208.185718136,206264.81,10.6670065,49.69238,2.1941311,20.78872,,,,0,0.0,5.0,30
2005-11-25,P02,P02CV27,2005-01-01,328,8.0,56,Medium,3000.0,0.6,80.0,22.706795,22.629658,52.923626,480.01923,RUNNING,24.0,6768.0,120.0,0,31,1688.2017,40516.84,10945725.02611196,206264.81,11.405182,50.354755,2.1011589,22.472605,,,,0,0.0,6.0,30
2005-11-26,P02,P02CV27,2005-01-01,329,8.0,56,Medium,3000.0,0.6,80.0,22.696634,22.624142,46.03744,484.3201,RUNNING,24.0,6792.0,144.0,0,31,1660.6509,39855.62,10985580.645817203,206264.81,11.286234,52.086197,2.0330062,23.393938,,,,0,0.0,7.0,30
2005-11-27,P02,P02CV27,2005-01-01,330,8.0,56,Medium,3000.0,0.6,80.0,23.42023,22.24513,50.559296,481.21887,RUNNING,24.0,6816.0,168.0,0,31,1501.7428,36041.83,11021622.474370677,206264.81,10.433005,51.41819,2.1765368,21.15779,,,,0,0.0,8.0,30
2005-11-28,P02,P02CV27,2005-01-01,331,8.0,56,Medium,3000.0,0.6,80.0,22.836071,22.645054,47.17273,479.20914,FAILURE_DAY,12.0,6828.0,180.0,0,31,1522.0325,18264.39,11039886.864258846,103132.41,10.7845,48.80395,2.2340884,19.309683,,Bearing,BRG_008,0,12.0,0.0,31
2005-11-29,P02,P02CV27,2005-01-01,332,8.0,56,Medium,3000.0,0.6,80.0,23.334988,22.866886,48.545246,481.68488,CORRECTIVE_DOWNTIME,0.0,6828.0,180.0,0,31,,0.0,11039886.864258846,0.0,,,,,,,,0,24.0,1.0,31
2005-11-30,P02,P02CV27,2005-01-01,333,8.0,56,Medium,3000.0,0.6,80.0,23.46924,22.500315,46.826458,479.34317,RUNNING,24.0,6852.0,24.0,1,32,1723.4474,41362.734,11081249.600224946,206264.81,11.3646755,52.352142,2.2784722,24.82274,30.825115,,,0,0.0,2.0,31
2005-12-01,P02,P02CV27,2005-01-01,334,8.0,56,Medium,3000.0,0.6,80.0,21.789413,21.121788,47.68455,478.2817,FAILURE_DAY,12.0,6864.0,36.0,0,32,1690.4292,20285.15,11101534.750794036,103132.41,11.198481,48.99851,2.1716123,23.093863,,Bearing,BRG_043,0,12.0,0.0,32
2005-12-02,P02,P02CV27,2005-01-01,335,8.0,56,Medium,3000.0,0.6,80.0,21.891403,21.062944,52.430977,479.64023,CORRECTIVE_DOWNTIME,0.0,6864.0,36.0,0,32,,0.0,11101534.750794036,0.0,,,,,,,,0,24.0,1.0,32
2005-12-03,P02,P02CV27,2005-01-01,336,8.0,56,Medium,3000.0,0.6,80.0,21.836819,21.027973,43.102978,482.4655,FAILURE_DAY,12.0,6876.0,12.0,1,33,1715.4218,20585.06,11122119.811370227,103132.41,11.479404,49.433968,2.2124615,20.996862,29.940948,Bearing,BRG_006,0,12.0,0.0,33
2005-12-04,P02,P02CV27,2005-01-01,337,8.0,56,Medium,3000.0,0.6,80.0,21.726866,21.409143,48.675426,482.3731,CORRECTIVE_DOWNTIME,0.0,6876.0,12.0,0,33,,0.0,11122119.811370227,0.0,,,,,,,,0,24.0,1.0,33
2005-12-05,P02,P02CV27,2005-01-01,338,8.0,56,Medium,3000.0,0.6,80.0,21.79701,21.209522,44.32218,475.45108,FAILURE_DAY,12.0,6888.0,12.0,1,34,1529.3335,18352.002,11140471.813126761,103132.41,10.751455,45.35257,2.261573,20.340132,30.540457,Bearing,BRG_038,0,12.0,0.0,34
2005-12-06,P02,P02CV27,2005-01-01,339,8.0,56,Medium,3000.0,0.6,80.0,21.841333,21.239138,49.198475,482.9791,CORRECTIVE_DOWNTIME,0.0,6888.0,12.0,0,34,,0.0,11140471.813126761,0.0,,,,,,,,0,24.0,1.0,34
2005-12-07,P02,P02CV27,2005-01-01,340,8.0,56,Medium,3000.0,0.6,80.0,21.69182,21.347275,47.187668,478.0354,RUNNING,24.0,6912.0,24.0,1,35,1663.6592,39927.82,11180399.632484052,206264.81,11.479161,49.06198,2.2286692,23.252712,29.16137,,,0,0.0,2.0,34
2005-12-08,P02,P02CV27,2005-01-01,341,8.0,56,Medium,3000.0,0.6,80.0,21.753399,21.23712,51.624554,482.95023,FAILURE_DAY,12.0,6924.0,36.0,0,35,1696.3461,20356.152,11200755.78570925,103132.41,11.213484,49.411655,2.2372236,24.12106,,Bearing,BRG_035,0,12.0,0.0,35
2005-12-09,P02,P02CV27,2005-01-01,342,8.0,56,Medium,3000.0,0.6,80.0,21.83459,21.175312,49.80884,480.79956,CORRECTIVE_DOWNTIME,0.0,6924.0,36.0,0,35,,0.0,11200755.78570925,0.0,,,,,,,,0,24.0,1.0,35
2005-12-10,P02,P02CV27,2005-01-01,343,8.0,56,Medium,3000.0,0.6,80.0,21.786758,21.075144,44.01982,484.04315,RUNNING,24.0,6948.0,24.0,1,36,1554.3743,37304.98,11238060.766671523,206264.81,10.89936,47.04804,2.3279657,20.874388,29.303534,,,0,0.0,2.0,35
2005-12-11,P02,P02CV27,2005-01-01,344,8.0,56,Medium,3000.0,0.6,80.0,21.710905,21.039629,44.986816,479.96725,RUNNING,24.0,6972.0,48.0,0,36,1547.4824,37139.58,11275200.34519961,206264.81,10.614639,50.10002,2.385056,21.045279,,,,0,0.0,3.0,35
2005-12-12,P02,P02CV27,2005-01-01,345,8.0,56,Medium,3000.0,0.6,80.0,21.891926,21.441902,49.792255,478.95325,RUNNING,24.0,6996.0,72.0,0,36,1521.4374,36514.496,11311714.841433858,206264.81,10.651696,48.78144,2.3555198,21.538942,,,,0,0.0,4.0,35
2005-12-13,P02,P02CV27,2005-01-01,346,8.0,56,Medium,3000.0,0.6,80.0,21.888355,21.303736,52.712368,481.1979,RUNNING,24.0,7020.0,96.0,0,36,1662.7517,39906.04,11351620.882340027,206264.81,10.982777,51.129124,2.4425735,23.24811,,,,0,0.0,5.0,35
2005-12-14,P02,P02CV27,2005-01-01,347,8.0,56,Medium,3000.0,0.6,80.0,21.809406,21.178722,46.2752,479.21423,RUNNING,24.0,7044.0,120.0,0,36,1624.6112,38990.668,11390611.551593956,206264.81,11.143272,49.759285,2.4502947,21.86336,,,,0,0.0,6.0,35
2005-12-15,P02,P02CV27,2005-01-01,348,8.0,56,Medium,3000.0,0.6,80.0,21.786312,21.391582,45.748188,480.41766,PLANNED_MAINTENANCE,0.0,7044.0,120.0,0,36,,0.0,11390611.551593956,0.0,,,,,,,,0,24.0,7.0,35
2005-12-16,P02,P02CV27,2005-01-01,349,8.0,56,Medium,3000.0,0.6,80.0,21.7232,21.019676,43.544537,482.07718,RUNNING,24.0,7068.0,24.0,1,37,1677.8947,40269.473,11430881.024478957,206264.81,11.311328,54.395298,2.3816545,22.819252,28.973907,,,0,0.0,8.0,35
2005-12-17,P02,P02CV27,2005-01-01,350,8.0,56,Medium,3000.0,0.6,80.0,21.684376,21.208548,48.787533,477.78824,RUNNING,24.0,7092.0,48.0,0,37,1660.7479,39857.95,11470738.97342814,206264.81,10.998273,49.89637,2.3321812,22.079613,,,,0,0.0,9.0,35
2005-12-18,P02,P02CV27,2005-01-01,351,8.0,56,Medium,3000.0,0.6,80.0,21.726002,21.373312,47.233982,487.0159,RUNNING,24.0,7116.0,72.0,0,37,1589.3319,38143.97,11508882.940399982,206264.81,10.9857435,49.103264,2.3781888,23.770788,,,,0,0.0,10.0,35
2005-12-19,P02,P02CV27,2005-01-01,352,8.0,56,Medium,3000.0,0.6,80.0,21.795128,21.11736,46.854053,479.55704,RUNNING,24.0,7140.0,96.0,0,37,1664.2944,39943.066,11548826.00678906,206264.81,10.761433,50.76288,2.4745576,23.5204,,,,0,0.0,11.0,35
2005-12-20,P02,P02CV27,2005-01-01,353,8.0,56,Medium,3000.0,0.6,80.0,21.750557,21.317612,46.54356,479.7669,RUNNING,24.0,7164.0,120.0,0,37,1549.0328,37176.79,11586002.79589374,206264.81,10.479127,50.652973,2.5444088,21.093988,,,,0,0.0,12.0,35
2005-12-21,P02,P02CV27,2005-01-01,354,8.0,56,Medium,3000.0,0.6,80.0,21.882486,21.433353,44.289806,476.32425,RUNNING,24.0,7188.0,144.0,0,37,1583.7639,38010.332,11624013.129823398,206264.81,11.266078,48.430435,2.4021056,22.452902,,,,0,0.0,13.0,35
2005-12-22,P02,P02CV27,2005-01-01,355,8.0,56,Medium,3000.0,0.6,80.0,21.764347,21.372635,46.579582,479.7562,RUNNING,24.0,7212.0,168.0,0,37,1722.7789,41346.695,11665359.823784143,206264.81,11.510435,51.52449,2.3803287,23.76916,,,,0,0.0,14.0,35
2005-12-23,P02,P02CV27,2005-01-01,356,8.0,56,Medium,3000.0,0.6,80.0,21.743681,21.0285,52.97,480.6701,RUNNING,24.0,7236.0,192.0,0,37,1657.5431,39781.035,11705140.857708985,206264.81,11.042469,47.0271,2.5278013,23.492792,,,,0,0.0,15.0,35
2005-12-24,P02,P02CV27,2005-01-01,357,8.0,56,Medium,3000.0,0.6,80.0,21.729015,21.28378,49.72468,480.6259,RUNNING,24.0,7260.0,216.0,0,37,1523.5219,36564.527,11741705.383157898,206264.81,10.569557,51.784233,2.4174294,21.775215,,,,0,0.0,16.0,35
2005-12-25,P02,P02CV27,2005-01-01,358,8.0,56,Medium,3000.0,0.6,80.0,21.706839,21.408394,44.990253,482.2747,FAILURE_DAY,12.0,7272.0,228.0,0,37,1701.1841,20414.209,11762119.591906525,103132.41,11.175532,49.17612,2.496275,23.136366,,Conveyor_Belt,,0,12.0,0.0,36
2005-12-26,P02,P02CV27,2005-01-01,359,8.0,56,Medium,3000.0,0.6,80.0,21.84465,21.301302,49.346115,480.28156,CORRECTIVE_DOWNTIME,0.0,7272.0,228.0,0,37,,0.0,11762119.591906525,0.0,,,,,,,,0,24.0,1.0,36
2005-12-27,P02,P02CV27,2005-01-01,360,8.0,56,Medium,3000.0,0.6,80.0,21.74863,21.014006,46.616684,483.14032,RUNNING,24.0,7296.0,24.0,1,38,1602.9644,38471.145,11800590.73560171,206264.81,11.272959,49.415524,1.8597609,23.259922,30.867132,,,0,0.0,2.0,36
2005-12-28,P02,P02CV27,2005-01-01,361,8.0,56,Medium,3000.0,0.6,80.0,21.80256,21.427555,48.897648,481.73672,RUNNING,24.0,7320.0,48.0,0,38,1713.4982,41123.953,11841714.690587046,206264.81,11.46964,52.299473,1.9735029,22.769249,,,,0,0.0,3.0,36
2005-12-29,P02,P02CV27,2005-01-01,362,8.0,56,Medium,3000.0,0.6,80.0,21.85945,21.446072,48.219746,483.14764,FAILURE_DAY,12.0,7332.0,60.0,0,38,1690.7526,20289.031,11862003.721559385,103132.41,11.481923,51.121593,2.066501,24.02339,,Bearing,BRG_055,0,12.0,0.0,37
2005-12-30,P02,P02CV27,2005-01-01,363,8.0,56,Medium,3000.0,0.6,80.0,21.802805,21.33898,46.742023,483.80615,CORRECTIVE_DOWNTIME,0.0,7332.0,60.0,0,38,,0.0,11862003.721559385,0.0,,,,,,,,0,24.0,1.0,37
2005-12-31,P02,P02CV27,2005-01-01,364,8.0,56,Medium,3000.0,0.6,80.0,21.889807,21.053545,44.729538,482.28107,RUNNING,24.0,7356.0,24.0,1,39,1730.281,41526.742,11903530.464306576,206264.81,11.676589,49.084656,2.05695,22.81953,30.780493,,,0,0.0,2.0,37
