cid,load,rel_rate_h1,rel_rate_h2
P01CV01,Light,0.6910247717274156,0.847905603830996
P01CV02,Light,0.8792474995481865,0.8674505794801473
P01CV03,Light,0.7731637406086951,0.740802445309018
P01CV04,Light,0.7731637406086951,0.8088819441403222
P01CV05,Light,0.7731637406086951,0.8576753255961819
P01CV06,Light,0.8792474995481865,0.7602262803854386
P01CV07,Light,0.7966914642350164,0.7894031851930281
P01CV08,Light,0.8674338303119026,0.8381414094897228
P01CV09,Light,0.8556268204156617,0.8476657436884697
P01CV10,Light,0.9147285196845956,0.8186295843259909
P01CV11,Light,0.8320327561328635,0.779672057099901
P01CV12,Light,0.8084652617422758,0.7991398126521304
P01CV13,Light,0.7849242923875808,0.8576753255961819
P01CV14,Light,0.8320327561328635,0.8576753255961819
P01CV15,Light,0.7496624749229152,0.8186295843259909
P01CV16,Light,0.8438264642302667,0.769946423714901
P01CV17,Light,0.7966914642350164,0.7991398126521304
P01CV18,Light,0.8084652617422758,0.7894031851930281
P01CV19,Light,0.7731637406086951,0.769946423714901
P01CV20,Light,0.8084652617422758,0.8674505794801473
P02CV01,Medium,1.0256941840352873,1.0176354548840199
P02CV02,Medium,1.0186838792348905,1.035314795020163
P02CV03,Medium,1.0123471829823627,1.0505684936275792
P02CV04,Medium,1.0323871977211836,1.0136445030917387
P02CV05,Medium,1.0368564597858234,1.0415027318809678
P02CV06,Medium,1.0323871977211836,1.0201307480045616
P02CV07,Medium,1.0368564597858234,1.017967256466962
P02CV08,Medium,1.0390932709459795,1.035314795020163
P02CV09,Medium,1.0145680789773972,1.0244619676819884
P02CV10,Medium,1.0123471829823627,1.0440226347489139
P02CV11,Medium,1.0190141917767952,1.0287988453864267
P02CV12,Medium,1.0387554642909256,1.0291349443231752
P02CV13,Medium,1.021239411384149,1.043681004305606
P02CV14,Medium,1.0190141917767952,1.035314795020163
P02CV15,Medium,1.0592902312061765,1.0396658663926415
P02CV16,Medium,1.0190141917767952,1.035314795020163
P02CV17,Medium,1.0432317774477151,0.9924372975992246
P02CV18,Medium,1.0390932709459795,1.0309694094645712
P02CV19,Medium,1.0234660750016307,0.9964096839798636
P02CV20,Medium,1.0145680789773972,1.0571272338290625
P02CV21,Medium,1.0079097048077579,1.0136445030917387
P02CV22,Medium,1.016790414775346,1.0309694094645712
P02CV23,Medium,1.0231341041696482,1.0182992744892931
P02CV24,Medium,1.0480550829012258,1.0287988453864267
P02CV25,Medium,1.0123471829823627,1.022295651282153
P02CV26,Medium,1.0256941840352873,0.9856833577602121
P02CV27,Medium,1.0256941840352873,1.035314795020163
P03CV01,Light,0.891067833760062,0.7894031851930281
P03CV02,Light,0.8084652617422758,0.8968095808732193
P03CV03,Light,0.8320327561328635,0.7991398126521304
P03CV04,Light,0.9739972672838544,0.8186295843259909
P03CV05,Light,0.8556268204156617,0.7894031851930281
P03CV06,Light,0.92656888270019,0.8283827378828054
P03CV07,Light,0.8908165455948732,0.9362982680113142
P03CV08,Light,0.7731637406086951,0.8088819441403222
P03CV09,Light,0.92656888270019,0.8576753255961819
P03CV10,Light,0.8202456905069317,0.847905603830996
P03CV11,Light,0.92656888270019,0.7602262803854386
P03CV12,Light,0.7614098033133746,0.8088819441403222
P03CV13,Light,0.7966914642350164,0.8968095808732193
P03CV14,Light,0.8202456905069317,0.8381414094897228
P03CV15,Light,0.891067833760062,0.9262185408619685
P04CV01,Heavy,1.0607270218228304,1.0541065461535717
P04CV02,Heavy,1.069297253119372,1.0527005973229915
P04CV03,Heavy,1.072162899865067,1.0696446762964718
P04CV04,Heavy,1.0475409044831607,1.0814544324760895
P04CV05,Heavy,1.0746140626046712,1.0696446762964718
P04CV06,Heavy,1.0707295185391927,1.0791786117058841
P04CV07,Heavy,1.0703127300928947,1.077174566001695
P04CV08,Heavy,1.0746140626046712,1.0729047698013578
P04CV09,Heavy,1.0631661234979595,1.0810294994967278
P04CV10,Heavy,1.071745390947674,1.0625653235197292
P04CV11,Heavy,1.0603152489106322,1.0686450083746994
P04CV12,Heavy,1.054626759617779,1.0488977699729716
P04CV13,Heavy,1.0846897253061525,1.0743269184769506
P04CV14,Heavy,1.0578791464896504,1.0767518130323066
P04CV15,Heavy,1.0664360647894624,1.0834608414417224
P04CV16,Heavy,1.0635793244787206,1.0824576369589058
P04CV17,Heavy,1.0746140626046712,1.0714837360992464
P04CV18,Heavy,1.048955881746885,1.0982415723136958
P04CV19,Heavy,1.0688811841492867,1.0569217364349446
P04CV20,Heavy,1.0908990009547233,1.065393740990625
P04CV21,Heavy,1.0793465908190965,1.0696446762964718
P04CV22,Heavy,1.0521966366229796,1.079602483902155
P04CV23,Heavy,1.0621526190904307,1.0763293917639534
P04CV24,Heavy,1.069297253119372,1.0480811893813227
P04CV25,Heavy,1.0635793244787206,1.0682265882461266
P04CV26,Heavy,1.0774872095684653,1.0700638160599107
P04CV27,Heavy,1.0807866950501777,1.0611527727077696
P04CV28,Heavy,1.0851137635099468,1.0724841877669393
P04CV29,Heavy,1.0635793244787206,1.0724841877669393
P04CV30,Heavy,1.0707295185391927,1.0611527727077696
P04CV31,Heavy,1.0731791680165976,1.0668096102451359
P04CV32,Heavy,1.0803648423198693,1.0867487937962659
P05CV01,Medium,0.9157397471673039,0.9220492206563548
P05CV02,Medium,0.9095637761821672,0.9199492055524454
P05CV03,Medium,0.911718548487905,0.9178505392058284
P05CV04,Medium,0.9246761239394862,0.9094693354380039
P05CV05,Medium,0.9529221681788059,0.9073773934267019
P05CV06,Medium,0.9160322223340772,0.9199492055524454
P05CV07,Medium,0.9135830035972873,0.9223456042052639
P05CV08,Medium,0.9507410253133571,0.9431238403161537
P05CV09,Medium,0.9246761239394862,0.8990230223844476
P05CV10,Medium,0.9265441565131013,0.913950556498017
P05CV11,Medium,0.9157397471673039,0.9265512287803803
P05CV12,Medium,0.95698114597629,0.9202448190503737
P05CV13,Medium,0.9333421681042432,0.9199492055524454
P05CV14,Medium,0.9507410253133571,0.9094693354380039
P05CV15,Medium,0.9138746967657411,0.903197531080505
P05CV16,Medium,0.9009584203709796,0.9073773934267019
P05CV17,Medium,0.9203514106242839,0.9178505392058284
P05CV18,Medium,0.9376835202515029,0.9452387779614712
P05CV19,Medium,0.9333421681042432,0.9325695731160741
P05CV20,Medium,0.9074103785318077,0.9388980531781835
P05CV21,Medium,0.8945187868675742,0.9157532203175397
P05CV22,Medium,0.9594740100552508,0.9367872010522604
P05CV23,Medium,0.9311735765466892,0.926253302340258
P05CV24,Medium,0.9417285071860031,0.939200630700961
P06CV01,Light,1.4785479111771782,1.4440442393474229
P06CV02,Light,1.5638206816985587,1.5555770784901006
P06CV03,Light,1.6127017812259614,1.525088822456292
P06CV04,Light,1.6616952188160525,1.4946532990648018
P06CV05,Light,1.539422138035855,1.5657515725603086
P06CV06,Light,1.4057282906299569,1.5555770784901006
P06CV07,Light,1.576030446022885,1.4238413822519582
P06CV08,Light,1.4542469476593234,1.5657515725603086
P06CV09,Light,1.6616952188160525,1.464270371623873
P06CV10,Light,1.490708822534182,1.5963103522351834
P06CV11,Light,1.5150515343029107,1.504792622793647
P06CV12,Light,1.4785479111771782,1.504792622793647
P06CV13,Light,1.4057282906299569,1.6473596164864936
P06CV14,Light,1.6249395938157365,1.504792622793647
P06CV15,Light,1.3936159396244816,1.5352457085212345
P06CV16,Light,1.4542469476593234,1.4638487561987006
P06CV17,Light,1.5638206816985587,1.5454084588391015
P06CV18,Light,1.490708822534182,1.5759319461416812
P07CV01,Medium,0.9924236799571392,0.9749917783051207
P07CV02,Medium,0.9572886591980049,0.9878258378496549
P07CV03,Medium,0.9660385002750865,0.9899697091599351
P07CV04,Medium,0.9616607662828232,1.0028622286920885
P07CV05,Medium,0.9832887332204208,0.9753077186091729
P07CV06,Medium,0.9792055725342154,1.0093273801344578
P07CV07,Medium,0.9854902256691029,0.9860032809532534
P07CV08,Medium,0.9594740100552508,0.9749917783051207
P07CV09,Medium,0.9792055725342154,0.9899697091599351
P07CV10,Medium,0.9660385002750865,0.9749917783051207
P07CV11,Medium,0.9616607662828232,0.9921149730465779
P07CV12,Medium,0.9924236799571392,0.9600816208930881
P07CV13,Medium,1.0056931198360743,1.004688935848176
P07CV14,Medium,0.9902171053566705,0.9814025658305275
P07CV15,Medium,0.9924236799571392,0.9921149730465779
P07CV16,Medium,0.9704218720445453,0.9878258378496549
P07CV17,Medium,0.9572886591980049,0.9985591337463763
P07CV18,Medium,0.9704218720445453,0.9985591337463763
P07CV19,Medium,1.003153428989578,0.9731727637933574
P07CV20,Medium,0.981405038329194,0.9856833577602121
P07CV21,Medium,0.9924236799571392,0.9728576171729579
P07CV22,Medium,1.016790414775346,0.9643347770500781
P07CV23,Medium,0.9748108924889648,1.0050158766017876
P07CV24,Medium,0.9660385002750865,0.9942616308668702
P07CV25,Medium,1.003477969083072,0.9685934389108309
P07CV26,Medium,0.9902171053566705,0.9835422675378399
P07CV27,Medium,0.9924236799571392,0.9917928577955888
P07CV28,Medium,0.9836059231343629,1.0050158766017876
P07CV29,Medium,0.9485612824112366,0.9704106873890876
P07CV30,Medium,1.0190141917767952,0.9643347770500781
P08CV01,Light,0.8674338303119026,0.9554063959299124
P08CV02,Light,0.9858711249453852,1.054237789121182
P08CV03,Light,0.8202456905069317,1.0344808848926237
P08CV04,Light,1.021533016631715,0.9164099953747465
P08CV05,Light,0.9739972672838544,0.9164099953747465
P08CV06,Light,0.9739972672838544,0.9753448401142152
P08CV07,Light,0.9858711249453852,0.8576753255961819
P08CV08,Light,0.8556268204156617,0.9262185408619685
P08CV09,Light,1.021533016631715,0.9066070102874606
P08CV10,Light,0.9858711249453852,0.9262185408619685
P08CV11,Light,0.9621301199120446,0.9066070102874606
P08CV12,Light,0.9028948385894388,0.8870177024104874
P08CV13,Light,0.9502696771432697,0.9554063959299124
P09CV01,Heavy,0.922229927634841,0.8941569407483597
P09CV02,Heavy,0.9235499239984354,0.9252631534150764
P09CV03,Heavy,0.9341455303545754,0.9057563357765198
P09CV04,Heavy,0.922229927634841,0.9148322112097519
P09CV05,Heavy,0.919592892330424,0.905417735277164
P09CV06,Heavy,0.9064665782035259,0.9239558544084222
P09CV07,Heavy,0.9169597928995954,0.9083445906717753
P09CV08,Heavy,0.9100552655420763,0.9243033368658905
P09CV09,Heavy,0.8947361212852281,0.9213442029743927
P09CV10,Heavy,0.9061294764637702,0.9239558544084222
P09CV11,Heavy,0.9288397933641832,0.9018812048014789
P09CV12,Heavy,0.9143306205372693,0.9122342461175865
P09CV13,Heavy,0.9061294764637702,0.9269201645220071
P09CV14,Heavy,0.9182758511817452,0.9144893205758652
P09CV15,Heavy,0.9218854263544396,0.9060951896245468
P09CV16,Heavy,0.9022124372868271,0.9278807035525999
P09CV17,Heavy,0.913017504262384,0.9200398483340398
P09CV18,Heavy,0.9048228259725272,0.8996384170444321
P09CV19,Heavy,0.916617771343124,0.9125761630014387
P09CV20,Heavy,0.915303312686777,0.907049979076206
P09CV21,Heavy,0.9117053664646039,0.9083445906717753
P09CV22,Heavy,0.9100552655420763,0.9022182306627649
P09CV23,Heavy,0.919592892330424,0.9015444306398651
P09CV24,Heavy,0.9288397933641832,0.9083445906717753
P09CV25,Heavy,0.919592892330424,0.9209982231760545
P09CV26,Heavy,0.9090840219289044,0.9226495379639676
P10CV01,Light,0.9384159332972675,0.9066070102874606
P10CV02,Light,0.9147285196845956,0.9262185408619685
P10CV03,Light,0.92656888270019,0.8088819441403222
P10CV04,Light,0.8792474995481865,0.9066070102874606
P10CV05,Light,0.9147285196845956,0.9066070102874606
P10CV06,Light,0.9384159332972675,0.9458523319706132
P10CV07,Light,0.92656888270019,0.8870177024104874
P10CV08,Light,0.8674338303119026,0.9950344486579403
P10CV09,Light,0.891067833760062,0.8968095808732193
P10CV10,Light,0.891067833760062,0.8772313701830786
P10CV11,Light,0.9858711249453852,0.8870177024104874
P10CV12,Light,0.8320327561328635,0.9360326514813819
P10CV13,Light,0.891067833760062,0.9164099953747465
P10CV14,Light,0.8556268204156617,0.9753448401142152
P10CV15,Light,0.8320327561328635,0.8088819441403222
P10CV16,Light,0.9263073617059195,0.9854668097285371
P10CV17,Light,0.891067833760062,0.8674505794801473
P10CV18,Light,0.8438264642302667,0.9262185408619685
P10CV19,Light,0.92656888270019,0.847905603830996
P10CV20,Light,0.9028948385894388,0.9360326514813819
P10CV21,Light,0.9028948385894388,0.8674505794801473
P10CV22,Light,0.8438264642302667,0.8576753255961819
P10CV23,Light,0.8202456905069317,0.9066070102874606
P10CV24,Light,0.9028948385894388,0.8381414094897228
P10CV25,Light,0.92656888270019,0.8870177024104874
P10CV26,Light,0.9502696771432697,0.9164099953747465
P10CV27,Light,0.8792474995481865,0.9458523319706132
P10CV28,Light,0.9621301199120446,0.9458523319706132
P10CV29,Light,0.9028948385894388,0.8576753255961819
P10CV30,Light,0.9147285196845956,0.8576753255961819
P10CV31,Light,0.92656888270019,0.8968095808732193
P10CV32,Light,0.8317984467112548,0.9068640579229262
P10CV33,Light,0.9147285196845956,0.9164099953747465
P11CV01,Medium,1.102320074884914,1.0967523247461068
P11CV02,Medium,1.079253070502743,1.110432567160162
P11CV03,Medium,1.063794557634963,1.0812867714683203
P11CV04,Medium,1.1160201563040117,1.0967523247461068
P11CV05,Medium,1.0909444884947117,1.074680472978401
P11CV06,Medium,1.0909444884947117,1.0834917713264967
P11CV07,Medium,1.1114474596139043,1.0834917713264967
P11CV08,Medium,1.0705620836872296,1.0875477948333983
P11CV09,Medium,1.1091633645687964,1.1008207564029957
P11CV10,Medium,1.0909444884947117,1.1078429561449161
P11CV11,Medium,1.1183087609138798,1.112289477807587
P11CV12,Medium,1.093216622990349,1.1034023083549833
P11CV13,Medium,1.0841370099223493,1.0989675228063576
P11CV14,Medium,1.1160201563040117,1.0812867714683203
P11CV15,Medium,1.102320074884914,1.1100654820139932
P11CV16,Medium,1.0705620836872296,1.0967523247461068
P11CV17,Medium,1.0864046834218963,1.074680472978401
P12CV01,Light,1.093038748431345,0.9655084215359403
P12CV02,Light,0.9739972672838544,1.044356525836694
P12CV03,Light,0.9977516985897564,1.044356525836694
P12CV04,Light,0.9621301199120446,0.9851868475666824
P12CV05,Light,1.1408445100998834,0.9262185408619685
P12CV06,Light,1.033433772447787,1.1136437073105598
P12CV07,Light,1.045341267083687,1.133167576817819
P12CV08,Light,0.9977516985897564,1.074017201927614
P12CV09,Light,0.9739972672838544,1.054237789121182
P12CV10,Light,1.021533016631715,0.9458523319706132
P12CV11,Light,1.045341267083687,0.9753448401142152
P12CV12,Light,1.021533016631715,1.074017201927614
P12CV13,Light,0.9858711249453852,1.0243195305672455
P12CV14,Light,0.9502696771432697,0.9655084215359403
P12CV15,Light,1.0572555062648352,1.054237789121182
P12CV16,Light,1.033433772447787,0.9360326514813819
P12CV17,Light,1.021533016631715,1.1334908771250423
P12CV18,Light,1.0572555062648352,1.1037286089354514
P12CV19,Light,0.8792474995481865,1.044356525836694
P12CV20,Light,0.9977516985897564,0.9458523319706132
P12CV21,Light,1.1049800231775835,0.9851868475666824
P12CV22,Light,1.021533016631715,1.0048876481580051
P12CV23,Light,0.9739972672838544,0.9851868475666824
P12CV24,Light,1.033433772447787,1.0147464508423178
P12CV25,Light,0.92656888270019,1.0344808848926237
P12CV26,Light,1.009638993916529,1.1037286089354514
P12CV27,Light,0.9977516985897564,1.054237789121182
P12CV28,Light,1.1049800231775835,0.9851868475666824
P12CV29,Light,1.06917649572314,0.9655084215359403
