Load_Class,component,DJF,MAM,JJA,SON,n
Heavy,Bearing,0.998,0.998,0.997,1.008,108182
Light,Bearing,0.995,0.967,1.031,1.007,19320
Medium,Bearing,1.001,0.997,1.001,1.001,95528
Heavy,Conveyor_Belt,0.945,1.042,1.036,0.977,2465
Light,Conveyor_Belt,1.005,0.97,1.037,0.989,1628
Medium,Conveyor_Belt,1.006,0.95,1.033,1.011,3434
Heavy,Motor_Reducer,1.093,1.069,0.857,0.98,1146
Light,Motor_Reducer,1.023,0.991,0.928,1.058,1171
Medium,Motor_Reducer,1.038,1.031,0.891,1.04,1822
Heavy,Speed_Sensor,1.119,1.182,0.815,0.883,239
Light,Speed_Sensor,1.292,0.694,0.593,1.421,938
Medium,Speed_Sensor,0.813,1.218,1.011,0.958,595
Heavy,Controller_PC,0.958,0.995,0.939,1.107,216
Light,Controller_PC,0.96,1.064,1.023,0.953,740
Medium,Controller_PC,0.834,1.119,1.119,0.929,502
Heavy,Control_Software,1.35,1.325,0.662,0.663,6
Light,Control_Software,1.061,0.75,0.826,1.363,371
Medium,Control_Software,1.66,0.203,1.119,1.018,39
