Conveyor_ID,year,years_since_last_install,is_spike_year
P01CV01,2005,0.5174537987679672,False
P01CV01,2010,5.371663244353183,True
P01CV01,2016,5.935660506502396,True
P01CV01,2022,5.207392197125257,True
P01CV01,2022,0.7529089664613279,True
P01CV02,2010,5.804243668720055,True
P01CV02,2010,0.10677618069815195,True
P01CV02,2015,4.331279945242985,False
P01CV02,2016,1.648186173853525,True
P01CV02,2017,1.0212183436002737,False
P01CV02,2019,1.4510609171800137,True
P01CV02,2022,3.4962354551676933,True
P01CV03,2007,2.524298425735797,False
P01CV03,2009,2.0396988364134154,False
P01CV03,2010,1.322381930184805,True
P01CV03,2016,5.938398357289528,True
P01CV03,2022,5.9575633127994525,True
P01CV04,2010,5.9110198494182065,True
P01CV04,2016,5.938398357289528,True
P01CV04,2020,3.2580424366872007,False
P01CV04,2022,2.6913073237508556,True
P01CV04,2024,1.486652977412731,False
P01CV05,2010,5.886379192334018,True
P01CV05,2016,5.66735112936345,True
P01CV05,2016,0.29842573579739906,True
P01CV05,2019,2.732375085557837,True
P01CV05,2020,1.319644079397673,False
P01CV05,2022,1.9274469541409993,True
P01CV05,2023,0.758384668035592,False
P01CV06,2005,0.892539356605065,False
P01CV06,2007,2.102669404517454,False
P01CV06,2010,2.915811088295688,True
P01CV06,2013,2.1574264202600957,False
P01CV06,2016,3.3100616016427105,True
P01CV06,2016,0.49007529089664614,True
P01CV06,2022,5.963039014373717,True
P01CV07,2007,2.193018480492813,False
P01CV07,2010,3.696098562628337,True
P01CV07,2016,5.3990417522245036,True
P01CV07,2016,0.5612594113620808,True
P01CV07,2018,2.0616016427104724,False
P01CV07,2019,0.7529089664613279,True
P01CV07,2022,3.1293634496919918,True
P01CV08,2010,5.9110198494182065,True
P01CV08,2016,5.932922655715264,True
P01CV08,2016,0.038329911019849415,True
P01CV08,2018,2.001368925393566,False
P01CV08,2022,3.9644079397672827,True
P01CV08,2022,0.013689253935660506,True
P01CV08,2024,1.8151950718685832,False
P01CV08,2024,0.28473648186173856,False
P01CV09,2007,2.0123203285420943,False
P01CV09,2007,0.9117043121149897,False
P01CV09,2008,0.785763175906913,False
P01CV09,2010,2.1683778234086244,True
P01CV09,2016,5.982203969883641,True
P01CV09,2018,1.2402464065708418,False
P01CV09,2020,2.3381245722108144,False
P01CV09,2022,2.3764544832306638,True
P01CV09,2024,1.9685147159479808,False
P01CV10,2006,1.4893908281998631,False
P01CV10,2009,3.0910335386721424,False
P01CV10,2010,1.3415468856947297,True
P01CV10,2016,5.963039014373717,True
P01CV10,2017,0.9500342231348392,False
P01CV10,2018,0.3805612594113621,False
P01CV10,2020,1.864476386036961,False
P01CV10,2021,1.7248459958932238,False
P01CV10,2022,0.27652292950034224,True
P01CV10,2022,0.7145790554414785,True
P01CV10,2022,0.06023271731690623,True
P01CV11,2010,5.886379192334018,True
P01CV11,2012,1.1827515400410678,True
P01CV11,2012,0.5338809034907598,True
P01CV11,2013,0.7063655030800822,False
P01CV11,2015,2.5900068446269677,False
P01CV11,2016,0.47638603696098564,True
P01CV11,2016,0.48459958932238195,True
P01CV11,2022,5.963039014373717,True
P01CV12,2007,2.9787816563997263,False
P01CV12,2008,0.2464065708418891,False
P01CV12,2010,1.7768651608487338,True
P01CV12,2010,0.9089664613278576,True
P01CV12,2015,4.331279945242985,False
P01CV12,2016,1.6153319644079398,True
P01CV12,2022,5.374401095140315,True
P01CV12,2022,0.5995893223819302,True
P01CV13,2005,0.15331964407939766,False
P01CV13,2010,5.535934291581109,True
P01CV13,2010,0.2053388090349076,True
P01CV13,2011,0.28473648186173856,False
P01CV13,2012,1.054072553045859,True
P01CV13,2015,3.698836413415469,False
P01CV13,2016,0.917180013689254,True
P01CV13,2019,2.1656399726214923,True
P01CV13,2021,2.108145106091718,False
P01CV13,2022,1.7084188911704312,True
P01CV13,2024,2.1546885694729636,False
P01CV14,2010,5.897330595482546,True
P01CV14,2016,5.568788501026694,True
P01CV14,2016,0.4161533196440794,True
P01CV14,2021,4.941820670773443,False
P01CV14,2022,1.0239561943874058,True
P01CV15,2005,0.19164955509924708,False
P01CV15,2010,5.686516084873374,True
P01CV15,2016,5.946611909650924,True
P01CV15,2022,5.248459958932238,True
P01CV15,2022,0.7255304585900069,True
P01CV16,2010,5.4811772758384665,True
P01CV16,2010,0.4216290212183436,True
P01CV16,2016,5.724845995893224,True
P01CV16,2016,0.2464065708418891,True
P01CV16,2019,2.839151266255989,True
P01CV16,2022,3.0855578370978782,True
P01CV17,2005,0.47091033538672145,False
P01CV17,2010,4.848733744010952,True
P01CV17,2010,0.2272416153319644,True
P01CV17,2010,0.34770704996577684,True
P01CV17,2016,5.965776865160849,True
P01CV17,2022,5.938398357289528,True
P01CV17,2023,0.8706365503080082,False
P01CV18,2005,0.3723477070499658,False
P01CV18,2009,4.076659822039699,False
P01CV18,2010,1.3141683778234086,True
P01CV18,2010,0.15058179329226556,True
P01CV18,2014,3.5345653661875427,False
P01CV18,2016,2.3956194387405887,True
P01CV18,2018,1.7440109514031485,False
P01CV18,2019,1.0677618069815196,True
P01CV18,2021,1.809719370294319,False
P01CV18,2021,0.36413415468856947,False
P01CV18,2022,0.971937029431896,True
P01CV18,2023,0.7118412046543463,False
P01CV19,2008,3.972621492128679,False
P01CV19,2010,1.9137577002053388,True
P01CV19,2011,0.2327173169062286,False
P01CV19,2016,5.730321697467488,True
P01CV19,2022,5.924709103353867,True
P01CV19,2024,1.7905544147843941,False
P01CV20,2010,5.90280629705681,True
P01CV20,2012,2.004106776180698,True
P01CV20,2016,3.9452429842573578,True
P01CV20,2022,5.973990417522245,True
P02CV01,2010,4.999315537303217,True
P02CV01,2012,2.379192334017796,True
P02CV01,2013,0.8459958932238193,False
P02CV01,2019,6.614647501711157,True
P02CV01,2022,2.811772758384668,True
P02CV02,2010,5.119780971937029,True
P02CV02,2011,1.2566735112936345,False
P02CV02,2012,0.9883641341546886,True
P02CV02,2012,0.5804243668720055,True
P02CV02,2019,6.91854893908282,True
P02CV02,2019,0.008213552361396304,True
P02CV02,2020,0.5420944558521561,False
P02CV03,2009,4.164271047227926,False
P02CV03,2012,3.2142368240930868,True
P02CV03,2017,4.758384668035592,False
P02CV03,2019,2.751540041067762,True
P02CV04,2008,3.8466803559206024,False
P02CV04,2012,3.509924709103354,True
P02CV04,2019,7.51813826146475,True
P02CV04,2022,2.967830253251198,True
P02CV05,2012,7.378507871321013,True
P02CV05,2019,7.534565366187543,True
P02CV05,2021,1.108829568788501,False
P02CV05,2022,1.5085557837097878,True
P02CV05,2023,1.2922655715263518,False
P02CV05,2024,0.8158795345653662,False
P02CV06,2012,7.394934976043806,True
P02CV06,2016,4.520191649555099,True
P02CV06,2016,0.057494866529774126,True
P02CV06,2017,0.4490075290896646,False
P02CV06,2019,2.4832306639288158,True
P02CV06,2022,2.524298425735797,True
P02CV06,2024,1.9247091033538672,False
P02CV07,2008,3.9835728952772076,False
P02CV07,2012,3.3949349760438055,True
P02CV07,2014,1.7248459958932238,False
P02CV07,2019,5.763175906913073,True
P02CV08,2006,1.6865160848733745,False
P02CV08,2009,3.2060232717316905,False
P02CV08,2011,1.4401095140314852,False
P02CV08,2012,1.0732375085557837,True
P02CV08,2018,5.593429158110883,False
P02CV08,2019,1.9247091033538672,True
P02CV08,2020,0.8706365503080082,False
P02CV08,2024,3.890485968514716,False
P02CV09,2005,0.4654346338124572,False
P02CV09,2009,4.153319644079398,False
P02CV09,2010,1.2758384668035592,True
P02CV09,2011,0.7912388774811773,False
P02CV09,2012,0.7091033538672142,True
P02CV09,2019,7.436002737850787,True
P02CV09,2022,2.327173169062286,True
P02CV10,2006,1.9329226557152634,False
P02CV10,2012,5.363449691991787,True
P02CV10,2013,1.5797399041752225,False
P02CV10,2014,0.34770704996577684,False
P02CV10,2016,2.0643394934976045,True
P02CV10,2017,1.6399726214921286,False
P02CV10,2018,0.6078028747433265,False
P02CV10,2019,1.322381930184805,True
P02CV10,2024,4.2354551676933605,False
P02CV10,2024,0.1943874058863792,False
P02CV11,2012,7.36208076659822,True
P02CV11,2019,7.488021902806297,True
P02CV11,2020,0.29568788501026694,False
P02CV11,2022,2.023271731690623,True
P02CV11,2024,2.617385352498289,False
P02CV12,2005,0.7665982203969883,False
P02CV12,2009,3.7180013689253935,False
P02CV12,2012,2.915811088295688,True
P02CV12,2017,5.018480492813142,False
P02CV12,2019,2.4969199178644765,True
P02CV13,2006,1.0595482546201231,False
P02CV13,2006,0.6844626967830253,False
P02CV13,2010,3.8521560574948666,True
P02CV13,2012,1.7905544147843941,True
P02CV13,2019,7.471594798083505,True
P02CV13,2019,0.13689253935660506,True
P02CV14,2005,0.17522245037645448,False
P02CV14,2012,7.219712525667351,True
P02CV14,2014,1.8672142368240932,False
P02CV14,2019,5.601642710472279,True
P02CV15,2007,2.945927446954141,False
P02CV15,2012,4.490075290896646,True
P02CV15,2019,7.509924709103354,True
P02CV15,2024,4.479123887748118,False
P02CV16,2007,2.086242299794661,False
P02CV16,2011,4.476386036960986,False
P02CV16,2012,0.8021902806297057,True
P02CV16,2016,3.8740588637919235,True
P02CV16,2019,3.6577686516084875,True
P02CV16,2021,1.5058179329226558,False
P02CV16,2021,0.4134154688569473,False
P02CV17,2012,7.38672142368241,True
P02CV17,2017,5.522245037645448,False
P02CV17,2019,1.9657768651608487,True
P02CV18,2005,0.6433949349760438,False
P02CV18,2006,0.9336071184120466,False
P02CV18,2012,5.779603011635865,True
P02CV18,2013,0.7665982203969883,False
P02CV18,2014,1.596167008898015,False
P02CV18,2019,5.210130047912389,True
P02CV19,2012,7.356605065023956,True
P02CV19,2012,0.06844626967830253,True
P02CV19,2018,6.414784394250513,False
P02CV19,2019,0.9664613278576317,True
P02CV20,2012,7.378507871321013,True
P02CV20,2019,7.4633812457221085,True
P02CV20,2020,0.4216290212183436,False
P02CV20,2022,1.9548254620123204,True
P02CV21,2010,5.4401095140314855,True
P02CV21,2012,1.8809034907597535,True
P02CV21,2016,3.7782340862423,True
P02CV21,2019,3.7481177275838466,True
P02CV21,2023,3.5236139630390144,False
P02CV22,2012,7.323750855578371,True
P02CV22,2019,7.51813826146475,True
P02CV22,2020,0.5749486652977412,False
P02CV22,2021,0.5941136208076659,False
P02CV22,2024,3.24435318275154,False
P02CV23,2008,3.274469541409993,False
P02CV23,2012,4.073921971252567,True
P02CV23,2013,1.516769336071184,False
P02CV23,2015,1.8069815195071868,False
P02CV23,2017,1.9630390143737166,False
P02CV23,2019,2.21492128678987,True
P02CV24,2005,0.27652292950034224,False
P02CV24,2006,1.4483230663928817,False
P02CV24,2008,1.2758384668035592,False
P02CV24,2008,0.8158795345653662,False
P02CV24,2012,3.578370978781656,True
P02CV24,2016,4.199863107460644,True
P02CV24,2019,3.351129363449692,True
P02CV24,2024,5.021218343600274,False
P02CV25,2012,7.356605065023956,True
P02CV25,2012,0.17248459958932238,True
P02CV25,2018,5.971252566735113,False
P02CV25,2019,0.8788501026694046,True
P02CV25,2019,0.4380561259411362,True
P02CV25,2020,0.7885010266940452,False
P02CV25,2021,0.6461327857631759,False
P02CV25,2022,1.623545516769336,True
P02CV26,2006,1.4264202600958247,False
P02CV26,2007,1.2813141683778233,False
P02CV26,2010,2.8528405201916494,True
P02CV26,2010,0.19164955509924708,True
P02CV26,2012,1.2566735112936345,True
P02CV26,2012,0.36960985626283366,True
P02CV26,2014,2.11088295687885,False
P02CV26,2015,0.5366187542778919,False
P02CV26,2019,4.813141683778234,True
P02CV26,2020,0.5503080082135524,False
P02CV26,2024,4.547570157426421,False
P02CV27,2010,5.2676249144421625,True
P02CV27,2010,0.013689253935660506,True
P02CV27,2012,2.108145106091718,True
P02CV27,2016,3.7782340862423,True
P02CV27,2018,2.759753593429158,False
P02CV27,2019,0.9527720739219713,True
P02CV27,2024,4.566735112936345,False
P03CV01,2010,5.90280629705681,True
P03CV01,2011,0.29842573579739906,False
P03CV01,2011,0.5201916495550992,False
P03CV01,2014,2.4640657084188913,False
P03CV01,2016,2.6885694729637235,True
P03CV01,2022,5.960301163586585,True
P03CV02,2006,1.5496235455167693,False
P03CV02,2010,4.336755646817249,True
P03CV02,2016,5.965776865160849,True
P03CV02,2019,2.6064339493497606,True
P03CV02,2021,2.294318959616701,False
P03CV02,2022,0.7939767282683093,True
P03CV02,2022,0.30116358658453113,True
P03CV03,2006,1.4264202600958247,False
P03CV03,2008,1.7768651608487338,False
P03CV03,2010,2.707734428473648,True
P03CV03,2011,0.2053388090349076,False
P03CV03,2016,5.752224503764545,True
P03CV03,2019,3.052703627652293,True
P03CV03,2021,1.267624914442163,False
P03CV03,2022,1.6344969199178645,True
P03CV04,2006,1.1553730321697468,False
P03CV04,2010,4.766598220396989,True
P03CV04,2011,0.5311430527036276,False
P03CV04,2011,0.405201916495551,False
P03CV04,2016,5.0568104038329915,True
P03CV04,2022,5.960301163586585,True
P03CV05,2005,0.47638603696098564,False
P03CV05,2006,0.8952772073921971,False
P03CV05,2010,4.525667351129363,True
P03CV05,2011,0.7474332648870636,False
P03CV05,2016,5.207392197125257,True
P03CV05,2018,1.782340862422998,False
P03CV05,2020,1.864476386036961,False
P03CV05,2022,2.3408624229979464,True
P03CV05,2024,1.5195071868583163,False
P03CV06,2010,5.897330595482546,True
P03CV06,2011,0.22176591375770022,False
P03CV06,2011,0.758384668035592,False
P03CV06,2014,2.1683778234086244,False
P03CV06,2016,2.844626967830253,True
P03CV06,2020,3.6057494866529773,False
P03CV06,2022,2.3682409308692676,True
P03CV07,2005,0.9691991786447639,False
P03CV07,2010,4.936344969199179,True
P03CV07,2012,1.6536618754277892,True
P03CV07,2014,1.516769336071184,False
P03CV07,2014,0.5037645448323066,False
P03CV07,2016,2.302532511978097,True
P03CV07,2017,0.5338809034907598,False
P03CV07,2017,0.4188911704312115,False
P03CV07,2022,5.032169746748802,True
P03CV08,2008,3.4113620807665983,False
P03CV08,2010,2.485968514715948,True
P03CV08,2015,4.804928131416838,False
P03CV08,2015,0.11498973305954825,False
P03CV08,2016,1.056810403832991,True
P03CV08,2022,5.927446954141,True
P03CV09,2005,0.17248459958932238,False
P03CV09,2005,0.5119780971937029,False
P03CV09,2007,2.2505133470225873,False
P03CV09,2010,2.620123203285421,True
P03CV09,2010,0.35044490075290896,True
P03CV09,2011,0.6735112936344969,False
P03CV09,2014,3.1512662559890487,False
P03CV09,2016,2.1601642710472277,True
P03CV09,2022,5.984941820670773,True
P03CV10,2010,5.886379192334018,True
P03CV10,2016,5.979466119096509,True
P03CV10,2022,5.9575633127994525,True
P03CV11,2010,5.88911704312115,True
P03CV11,2011,0.34770704996577684,False
P03CV11,2016,5.631759069130732,True
P03CV11,2017,0.3860369609856263,False
P03CV11,2019,2.3572895277207393,True
P03CV11,2022,3.2279260780287475,True
P03CV12,2010,5.894592744695414,True
P03CV12,2014,3.975359342915811,False
P03CV12,2015,0.1806981519507187,False
P03CV12,2016,1.7686516084873374,True
P03CV12,2017,0.2929500342231348,False
P03CV12,2019,2.212183436002738,True
P03CV12,2022,3.46611909650924,True
P03CV13,2006,1.7111567419575633,False
P03CV13,2007,0.865160848733744,False
P03CV13,2010,3.3347022587268995,True
P03CV13,2012,1.5797399041752225,True
P03CV13,2016,4.383299110198494,True
P03CV13,2017,0.44353182751540043,False
P03CV13,2021,4.39151266255989,False
P03CV13,2022,0.46269678302532513,True
P03CV13,2022,0.2053388090349076,True
P03CV13,2022,0.4736481861738535,True
P03CV13,2023,0.48186173853524983,False
P03CV13,2023,0.4654346338124572,False
P03CV14,2005,0.216290212183436,False
P03CV14,2006,0.8870636550308009,False
P03CV14,2010,4.80766598220397,True
P03CV14,2015,4.80766598220397,False
P03CV14,2016,1.1471594798083504,True
P03CV14,2017,1.1252566735112937,False
P03CV14,2022,4.818617385352498,True
P03CV15,2006,1.6125941136208077,False
P03CV15,2008,2.0588637919233403,False
P03CV15,2009,0.7693360711841205,False
P03CV15,2010,1.4455852156057496,True
P03CV15,2016,5.604380561259411,True
P03CV15,2016,0.4079397672826831,True
P03CV15,2018,1.864476386036961,False
P03CV15,2022,4.136892539356605,True
P04CV01,2005,0.48459958932238195,False
P04CV01,2009,4.227241615331964,False
P04CV01,2015,5.4428473648186175,False
P04CV01,2019,4.262833675564682,True
P04CV02,2008,3.915126625598905,False
P04CV02,2015,6.277891854893908,False
P04CV02,2016,1.2375085557837098,True
P04CV03,2007,2.6803559206023273,False
P04CV03,2015,7.526351813826146,False
P04CV03,2022,7.066392881587953,True
P04CV04,2011,6.357289527720739,False
P04CV04,2015,3.7481177275838466,False
P04CV05,2008,3.0061601642710474,False
P04CV05,2015,7.214236824093087,False
P04CV06,2008,3.4250513347022586,False
P04CV06,2015,6.778918548939083,False
P04CV06,2018,3.0390143737166326,False
P04CV06,2021,3.3648186173853527,False
P04CV07,2007,2.7898699520876113,False
P04CV07,2009,1.429158110882957,False
P04CV07,2009,0.7200547570157426,False
P04CV07,2015,5.2676249144421625,False
P04CV08,2009,4.339493497604381,False
P04CV08,2010,0.6844626967830253,True
P04CV08,2015,5.204654346338125,False
P04CV09,2015,10.154688569472963,False
P04CV09,2016,1.2347707049965777,True
P04CV09,2020,4.525667351129363,False
P04CV09,2021,1.0266940451745379,False
P04CV10,2006,1.1279945242984257,False
P04CV10,2015,9.043121149897331,False
P04CV10,2015,0.049281314168377825,False
P04CV11,2015,10.146475017111568,False
P04CV11,2016,1.593429158110883,True
P04CV11,2019,2.529774127310062,True
P04CV12,2014,9.067761806981519,False
P04CV12,2015,1.0622861054072552,False
P04CV12,2019,4.224503764544832,True
P04CV12,2021,2.507871321013005,False
P04CV12,2024,2.3326488706365502,False
P04CV13,2005,0.038329911019849415,False
P04CV13,2009,4.342231348391513,False
P04CV13,2012,2.6776180698151952,True
P04CV13,2013,1.0485968514715949,False
P04CV13,2015,2.1574264202600957,False
P04CV13,2017,2.6858316221765914,False
P04CV14,2015,10.121834360027378,False
P04CV14,2015,0.1971252566735113,False
P04CV15,2015,10.203969883641342,False
P04CV15,2021,5.867214236824093,False
P04CV16,2005,0.9609856262833676,False
P04CV16,2010,4.358658453114305,True
P04CV16,2011,1.4182067077344285,False
P04CV16,2015,3.430527036276523,False
P04CV16,2017,2.11088295687885,False
P04CV16,2020,3.3045859000684463,False
P04CV17,2006,1.3853524982888432,False
P04CV17,2006,0.27104722792607805,False
P04CV17,2010,3.5373032169746748,True
P04CV17,2015,5.037645448323066,False
P04CV18,2015,10.113620807665983,False
P04CV18,2022,7.813826146475017,True
P04CV19,2007,2.1738535249828885,False
P04CV19,2015,8.041067761806982,False
P04CV19,2023,8.049281314168377,False
P04CV19,2023,0.030116358658453114,False
P04CV20,2005,0.02190280629705681,False
P04CV20,2005,0.038329911019849415,False
P04CV20,2010,5.06776180698152,True
P04CV20,2015,5.190965092402464,False
P04CV20,2022,7.181382614647502,True
P04CV21,2007,2.6721423682409307,False
P04CV21,2015,7.575633127994524,False
P04CV22,2007,2.105407255304586,False
P04CV22,2013,6.365503080082136,False
P04CV22,2015,1.6427104722792607,False
P04CV22,2016,1.596167008898015,True
P04CV22,2017,0.8514715947980835,False
P04CV22,2018,0.4517453798767967,False
P04CV22,2019,1.73305954825462,True
P04CV22,2020,0.8952772073921971,False
P04CV22,2023,3.2580424366872007,False
P04CV23,2006,1.949349760438056,False
P04CV23,2006,0.030116358658453114,False
P04CV23,2011,5.004791238877481,False
P04CV23,2015,3.167693360711841,False
P04CV24,2011,6.841889117043121,False
P04CV24,2013,1.2867898699520877,False
P04CV24,2015,2.0561259411362083,False
P04CV24,2016,1.2265571526351813,True
P04CV24,2017,0.8350444900752909,False
P04CV24,2021,4.673511293634497,False
P04CV25,2009,4.939082819986311,False
P04CV25,2015,5.248459958932238,False
P04CV25,2020,5.437371663244353,False
P04CV25,2020,0.23819301848049282,False
P04CV26,2015,10.245037645448322,False
P04CV26,2020,5.577002053388091,False
P04CV27,2005,0.8843258042436687,False
P04CV27,2009,4.0191649555099245,False
P04CV27,2011,2.083504449007529,False
P04CV27,2015,3.2334017796030117,False
P04CV27,2023,8.093086926762492,False
P04CV28,2006,1.486652977412731,False
P04CV28,2015,8.793976728268309,False
P04CV29,2010,5.538672142368241,True
P04CV29,2015,4.640657084188912,False
P04CV30,2008,3.6139630390143735,False
P04CV30,2008,0.2299794661190965,False
P04CV30,2010,1.218343600273785,True
P04CV30,2015,5.13347022587269,False
P04CV30,2019,4.594113620807666,True
P04CV30,2021,1.8288843258042438,False
P04CV30,2024,2.976043805612594,False
P04CV30,2024,0.3805612594113621,False
P04CV31,2008,3.4168377823408624,False
P04CV31,2010,2.54072553045859,True
P04CV31,2012,1.7248459958932238,True
P04CV31,2015,2.54072553045859,False
P04CV31,2020,5.30321697467488,False
P04CV31,2021,0.9363449691991786,False
P04CV31,2022,0.7885010266940452,True
P04CV32,2006,1.8316221765913758,False
P04CV32,2007,0.8514715947980835,False
P04CV32,2011,4.172484599589322,False
P04CV32,2015,3.430527036276523,False
P04CV32,2022,7.353867214236824,True
P05CV01,2005,0.7611225188227242,False
P05CV01,2010,4.818617385352498,True
P05CV01,2012,1.6180698151950719,True
P05CV01,2012,0.45722108145106094,True
P05CV01,2012,0.02737850787132101,True
P05CV01,2019,6.8172484599589325,True
P05CV01,2020,0.6105407255304586,False
P05CV01,2024,3.893223819301848,False
P05CV01,2024,0.32306639288158795,False
P05CV02,2006,1.483915126625599,False
P05CV02,2009,2.6803559206023273,False
P05CV02,2012,3.0088980150581794,True
P05CV02,2014,2.080766598220397,False
P05CV02,2015,1.7084188911704312,False
P05CV02,2019,3.4715947980835042,True
P05CV02,2019,0.2546201232032854,True
P05CV03,2008,3.969883641341547,False
P05CV03,2012,3.2005475701574264,True
P05CV03,2019,7.315537303216975,True
P05CV04,2007,2.2833675564681726,False
P05CV04,2007,0.3805612594113621,False
P05CV04,2008,0.8213552361396304,False
P05CV04,2009,0.7008898015058179,False
P05CV04,2010,1.7522245037645447,True
P05CV04,2010,0.049281314168377825,True
P05CV04,2012,1.2210814510609171,True
P05CV04,2016,4.1971252566735116,True
P05CV04,2019,3.0718685831622174,True
P05CV04,2024,4.654346338124572,False
P05CV04,2024,0.5941136208076659,False
P05CV05,2007,2.6557152635181382,False
P05CV05,2008,0.621492128678987,False
P05CV05,2008,0.05201916495550993,False
P05CV05,2011,2.746064339493498,False
P05CV05,2012,1.1882272416153319,True
P05CV05,2015,2.973305954825462,False
P05CV05,2019,4.271047227926078,True
P05CV05,2022,2.8254620123203287,True
P05CV06,2012,7.216974674880219,True
P05CV06,2014,2.346338124572211,False
P05CV06,2017,3.2114989733059547,False
P05CV06,2019,1.2539356605065024,True
P05CV06,2019,0.42984257357973993,True
P05CV07,2012,7.15400410677618,True
P05CV07,2013,1.6071184120465434,False
P05CV07,2019,5.722108145106092,True
P05CV07,2022,2.858316221765914,True
P05CV08,2005,0.1834360027378508,False
P05CV08,2009,4.621492128678987,False
P05CV08,2010,0.7364818617385352,True
P05CV08,2012,1.7221081451060918,True
P05CV08,2012,0.42984257357973993,True
P05CV08,2014,1.6646132785763177,False
P05CV08,2018,4.202600958247776,False
P05CV08,2018,0.019164955509924708,False
P05CV08,2019,1.0212183436002737,True
P05CV08,2021,1.8261464750171115,False
P05CV09,2012,7.208761122518823,True
P05CV09,2019,7.285420944558521,True
P05CV10,2008,3.923340177960301,False
P05CV10,2011,2.4695414099931554,False
P05CV10,2012,0.8213552361396304,True
P05CV10,2013,1.6344969199178645,False
P05CV10,2015,2.080766598220397,False
P05CV10,2016,0.5065023956194388,True
P05CV10,2018,2.0177960301163584,False
P05CV10,2019,1.054072553045859,True
P05CV11,2008,3.3921971252566734,False
P05CV11,2011,3.0061601642710474,False
P05CV11,2011,0.5201916495550992,False
P05CV11,2012,0.27104722792607805,True
P05CV11,2012,0.6351813826146475,True
P05CV11,2014,1.5770020533880904,False
P05CV11,2019,5.059548254620124,True
P05CV11,2023,4.440793976728268,False
P05CV12,2006,1.6098562628336757,False
P05CV12,2010,4.114989733059549,True
P05CV12,2012,1.516769336071184,True
P05CV12,2015,2.9842573579739904,False
P05CV12,2016,1.1745379876796715,True
P05CV12,2019,3.1786447638603694,True
P05CV13,2007,2.945927446954141,False
P05CV13,2009,1.158110882956879,False
P05CV13,2012,3.1211498973305956,True
P05CV13,2019,7.282683093771389,True
P05CV14,2012,7.255304585900069,True
P05CV14,2013,1.3853524982888432,False
P05CV14,2014,0.6187542778918549,False
P05CV14,2014,0.6461327857631759,False
P05CV14,2017,2.8884325804243667,False
P05CV14,2019,1.7494866529774127,True
P05CV15,2006,1.8124572210814511,False
P05CV15,2007,0.4407939767282683,False
P05CV15,2012,4.908966461327857,True
P05CV15,2014,2.291581108829569,False
P05CV15,2015,1.1663244353182751,False
P05CV15,2015,0.06844626967830253,False
P05CV15,2019,3.761806981519507,True
P05CV15,2019,0.24093086926762491,True
P05CV15,2024,4.919917864476386,False
P05CV16,2006,1.3360711841204653,False
P05CV16,2012,5.842573579739904,True
P05CV16,2015,3.0636550308008212,False
P05CV16,2019,4.199863107460644,True
P05CV16,2021,2.0342231348391513,False
P05CV16,2024,3.4989733059548254,False
P05CV17,2011,6.850102669404517,False
P05CV17,2012,0.3723477070499658,True
P05CV17,2019,7.255304585900069,True
P05CV18,2006,1.322381930184805,False
P05CV18,2012,5.864476386036961,True
P05CV18,2016,4.1095140314852845,True
P05CV18,2017,1.1498973305954825,False
P05CV18,2019,1.7768651608487338,True
P05CV18,2019,0.32306639288158795,True
P05CV18,2020,1.3470225872689938,False
P05CV18,2021,0.4736481861738535,False
P05CV18,2021,0.30390143737166325,False
P05CV18,2024,2.754277891854894,False
P05CV19,2007,2.7871321013004793,False
P05CV19,2008,0.22176591375770022,False
P05CV19,2012,4.229979466119096,True
P05CV19,2015,3.4277891854893907,False
P05CV19,2016,0.6844626967830253,True
P05CV19,2018,1.702943189596167,False
P05CV19,2019,1.4811772758384667,True
P05CV19,2022,2.5817932922655715,True
P05CV20,2007,2.3928815879534566,False
P05CV20,2007,0.1971252566735113,False
P05CV20,2012,4.558521560574949,True
P05CV20,2014,2.349075975359343,False
P05CV20,2019,4.971937029431896,True
P05CV20,2019,0.19164955509924708,True
P05CV20,2022,2.5544147843942504,True
P05CV20,2022,0.17522245037645448,True
P05CV20,2022,0.31759069130732376,True
P05CV21,2012,7.15400410677618,True
P05CV21,2015,3.698836413415469,False
P05CV21,2019,3.583846680355921,True
P05CV21,2023,4.054757015742642,False
P05CV22,2012,7.2498288843258045,True
P05CV22,2012,0.4407939767282683,True
P05CV22,2015,2.7159479808350446,False
P05CV22,2019,4.180698151950718,True
P05CV22,2020,0.9774127310061602,False
P05CV22,2021,0.5393566050650239,False
P05CV23,2007,2.647501711156742,False
P05CV23,2009,1.9849418206707734,False
P05CV23,2012,2.5900068446269677,True
P05CV23,2017,4.960985626283367,False
P05CV23,2019,2.324435318275154,True
P05CV23,2024,4.6269678302532515,False
P05CV23,2024,0.16427104722792607,False
P05CV23,2024,0.47091033538672145,False
P05CV24,2005,0.9062286105407256,False
P05CV24,2006,0.2080766598220397,False
P05CV24,2011,5.752224503764545,False
P05CV24,2012,0.3805612594113621,True
P05CV24,2013,0.8186173853524983,False
P05CV24,2016,3.3976728268309375,True
P05CV24,2017,0.7885010266940452,False
P05CV24,2019,2.3353867214236823,True
P05CV24,2020,0.8733744010951403,False
P05CV24,2022,1.7604380561259412,True
P06CV01,2006,1.1197809719370295,False
P06CV01,2011,4.892539356605065,False
P06CV01,2012,1.88911704312115,True
P06CV01,2017,4.257357973990418,False
P06CV01,2018,1.6673511293634498,False
P06CV01,2023,4.457221081451061,False
P06CV02,2007,2.080766598220397,False
P06CV02,2007,0.5092402464065708,False
P06CV02,2009,1.842573579739904,False
P06CV02,2011,1.596167008898015,False
P06CV02,2013,2.0616016427104724,False
P06CV02,2017,4.112251882272417,False
P06CV02,2017,0.75564681724846,False
P06CV02,2021,3.5236139630390144,False
P06CV02,2022,0.9117043121149897,True
P06CV02,2023,0.9691991786447639,False
P06CV03,2007,2.841889117043121,False
P06CV03,2008,0.3997262149212868,False
P06CV03,2009,0.8706365503080082,False
P06CV03,2010,1.056810403832991,True
P06CV03,2011,0.8788501026694046,False
P06CV03,2017,6.168377823408624,False
P06CV03,2018,0.9664613278576317,False
P06CV03,2019,1.106091718001369,True
P06CV03,2020,1.0677618069815196,False
P06CV03,2021,1.4428473648186173,False
P06CV03,2022,0.8843258042436687,True
P06CV03,2023,0.6652977412731006,False
P06CV04,2006,1.5578370978781657,False
P06CV04,2009,3.4168377823408624,False
P06CV04,2011,1.0704996577686516,False
P06CV04,2014,3.184120465434634,False
P06CV04,2017,2.973305954825462,False
P06CV04,2018,1.0184804928131417,False
P06CV04,2023,5.1416837782340865,False
P06CV05,2005,0.6406570841889117,False
P06CV05,2006,0.5119780971937029,False
P06CV05,2007,0.9965776865160849,False
P06CV05,2007,0.7885010266940452,False
P06CV05,2011,3.0855578370978782,False
P06CV05,2017,6.184804928131417,False
P06CV05,2023,6.132785763175907,False
P06CV06,2005,0.0,False
P06CV06,2006,1.136208076659822,False
P06CV06,2011,4.878850102669404,False
P06CV06,2015,4.073921971252567,False
P06CV06,2017,2.086242299794661,False
P06CV06,2023,6.1300479123887746,False
P06CV07,2011,6.039698836413415,False
P06CV07,2017,6.116358658453114,False
P06CV07,2017,0.06297056810403832,False
P06CV07,2023,6.102669404517454,False
P06CV08,2010,5.987679671457905,True
P06CV08,2015,4.172484599589322,False
P06CV08,2016,0.9938398357289527,True
P06CV08,2017,0.9856262833675564,False
P06CV08,2021,4.303901437371663,False
P06CV08,2023,1.8480492813141685,False
P06CV08,2024,1.0376454483230664,False
P06CV09,2005,0.9801505817932923,False
P06CV09,2007,1.5633127994524298,False
P06CV09,2008,1.2621492128678986,False
P06CV09,2009,1.0787132101300478,False
P06CV09,2011,1.1690622861054072,False
P06CV09,2014,2.9924709103353866,False
P06CV09,2016,2.1437371663244353,True
P06CV09,2017,1.0130047912388775,False
P06CV09,2017,0.10403832991101986,False
P06CV09,2017,0.03285420944558522,False
P06CV09,2023,6.056125941136208,False
P06CV10,2007,2.2477754962354553,False
P06CV10,2007,0.27104722792607805,False
P06CV10,2008,1.4757015742642026,False
P06CV10,2011,2.0533880903490758,False
P06CV10,2015,4.344969199178645,False
P06CV10,2015,0.06023271731690623,False
P06CV10,2015,0.34223134839151265,False
P06CV10,2017,1.3880903490759753,False
P06CV10,2019,1.8316221765913758,True
P06CV10,2023,4.339493497604381,False
P06CV10,2023,0.15879534565366188,False
P06CV11,2006,1.4674880219028064,False
P06CV11,2009,2.8774811772758384,False
P06CV11,2010,0.9938398357289527,True
P06CV11,2011,0.676249144421629,False
P06CV11,2014,3.263518138261465,False
P06CV11,2017,2.8939082819986313,False
P06CV11,2021,4.098562628336755,False
P06CV11,2023,2.0424366872005475,False
P06CV12,2011,6.031485284052019,False
P06CV12,2017,6.116358658453114,False
P06CV12,2017,0.7173169062286106,False
P06CV12,2018,1.0075290896646132,False
P06CV12,2022,3.268993839835729,True
P06CV12,2023,1.1471594798083504,False
P06CV13,2008,3.488021902806297,False
P06CV13,2010,2.507871321013005,True
P06CV13,2017,6.138261464750171,False
P06CV13,2021,4.227241615331964,False
P06CV13,2023,1.9548254620123204,False
P06CV14,2005,0.7912388774811773,False
P06CV14,2011,5.256673511293634,False
P06CV14,2011,0.8596851471594799,False
P06CV14,2014,3.0006844626967832,False
P06CV14,2017,2.2833675564681726,False
P06CV14,2021,4.610540725530458,False
P06CV14,2023,1.5605749486652978,False
P06CV15,2005,0.38329911019849416,False
P06CV15,2007,1.8261464750171115,False
P06CV15,2011,3.805612594113621,False
P06CV15,2013,2.628336755646817,False
P06CV15,2015,2.004106776180698,False
P06CV15,2017,1.4921286789869952,False
P06CV15,2022,4.862422997946612,True
P06CV15,2023,1.2785763175906912,False
P06CV16,2008,3.3155373032169746,False
P06CV16,2009,1.0458590006844628,False
P06CV16,2011,1.6618754277891854,False
P06CV16,2017,6.140999315537303,False
P06CV16,2023,6.094455852156058,False
P06CV16,2023,0.03559206023271732,False
P06CV17,2011,6.039698836413415,False
P06CV17,2011,0.6516084873374401,False
P06CV17,2017,5.5249828884325805,False
P06CV17,2018,1.0376454483230664,False
P06CV17,2018,0.31211498973305957,False
P06CV17,2023,4.783025325119781,False
P06CV17,2024,1.5605749486652978,False
P06CV18,2007,2.1574264202600957,False
P06CV18,2011,3.8412046543463383,False
P06CV18,2012,1.2484599589322383,True
P06CV18,2013,0.7693360711841205,False
P06CV18,2013,0.2190280629705681,False
P06CV18,2017,3.9534565366187544,False
P06CV18,2017,0.7885010266940452,False
P06CV18,2018,0.24914442162902123,False
P06CV18,2022,4.0,True
P06CV18,2023,1.111567419575633,False
P07CV01,2009,4.342231348391513,False
P07CV01,2009,0.4544832306639288,False
P07CV01,2011,1.8863791923340179,False
P07CV01,2012,0.6543463381245722,True
P07CV01,2014,1.6919917864476386,False
P07CV01,2016,2.2751540041067764,True
P07CV01,2019,3.4524298425735798,True
P07CV02,2011,6.020533880903491,False
P07CV02,2012,1.2511978097193703,True
P07CV02,2015,3.488021902806297,False
P07CV02,2017,1.5359342915811087,False
P07CV02,2019,2.3572895277207393,True
P07CV02,2022,3.2114989733059547,True
P07CV03,2005,0.34770704996577684,False
P07CV03,2007,2.321697467488022,False
P07CV03,2011,4.158795345653662,False
P07CV03,2012,0.4462696783025325,True
P07CV03,2019,7.436002737850787,True
P07CV03,2024,5.147159479808351,False
P07CV04,2012,7.2881587953456535,True
P07CV04,2019,7.397672826830938,True
P07CV04,2021,1.3880903490759753,False
P07CV05,2009,4.05201916495551,False
P07CV05,2012,3.24435318275154,True
P07CV05,2014,2.3545516769336072,False
P07CV05,2019,4.815879534565366,True
P07CV05,2019,0.24914442162902123,True
P07CV06,2007,1.998631074606434,False
P07CV06,2009,2.6119096509240247,False
P07CV06,2010,0.9007529089664613,True
P07CV06,2012,1.7796030116358659,True
P07CV06,2015,2.858316221765914,False
P07CV06,2017,2.403832991101985,False
P07CV06,2019,2.1711156741957565,True
P07CV06,2022,2.5023956194387407,True
P07CV07,2012,7.329226557152635,True
P07CV07,2017,5.3963039014373715,False
P07CV07,2019,2.023271731690623,True
P07CV08,2007,2.4832306639288158,False
P07CV08,2007,0.4079397672826831,False
P07CV08,2011,3.132101300479124,False
P07CV08,2012,1.2238193018480492,True
P07CV08,2018,5.9986310746064335,False
P07CV08,2019,1.3826146475017111,True
P07CV09,2011,6.543463381245722,False
P07CV09,2012,0.7802874743326489,True
P07CV09,2018,5.990417522245037,False
P07CV09,2019,1.379876796714579,True
P07CV09,2023,4.205338809034908,False
P07CV10,2012,7.299110198494182,True
P07CV10,2016,4.479123887748118,True
P07CV10,2016,0.2190280629705681,True
P07CV10,2019,2.6858316221765914,True
P07CV11,2012,7.258042436687201,True
P07CV11,2016,4.175222450376454,True
P07CV11,2017,0.9144421629021219,False
P07CV11,2017,0.2245037645448323,False
P07CV11,2019,2.1218343600273784,True
P07CV12,2005,0.2135523613963039,False
P07CV12,2007,2.242299794661191,False
P07CV12,2007,0.1806981519507187,False
P07CV12,2010,2.43668720054757,True
P07CV12,2012,2.2669404517453797,True
P07CV12,2015,3.356605065023956,False
P07CV12,2019,4.030116358658453,True
P07CV13,2012,7.329226557152635,True
P07CV13,2013,1.5277207392197125,False
P07CV13,2016,2.8993839835728954,True
P07CV13,2019,3.0663928815879533,True
P07CV13,2020,0.7912388774811773,False
P07CV14,2012,7.3319644079397674,True
P07CV14,2014,1.9219712525667352,False
P07CV14,2019,5.453798767967146,True
P07CV14,2024,4.785763175906913,False
P07CV15,2011,6.105407255304586,False
P07CV15,2011,0.2929500342231348,False
P07CV15,2012,0.9418206707734429,True
P07CV15,2012,0.2518822724161533,True
P07CV15,2014,1.4976043805612593,False
P07CV15,2017,3.028062970568104,False
P07CV15,2019,2.5900068446269677,True
P07CV16,2009,4.815879534565366,False
P07CV16,2012,2.4804928131416837,True
P07CV16,2012,0.42984257357973993,True
P07CV16,2013,0.7337440109514032,False
P07CV16,2019,6.201232032854209,True
P07CV16,2021,1.6344969199178645,False
P07CV17,2012,7.279945242984257,True
P07CV17,2019,7.370294318959616,True
P07CV17,2020,1.0869267624914443,False
P07CV18,2006,1.3141683778234086,False
P07CV18,2012,5.982203969883641,True
P07CV18,2013,1.2594113620807665,False
P07CV18,2019,6.1273100616016425,True
P07CV18,2023,3.8521560574948666,False
P07CV19,2009,4.238193018480493,False
P07CV19,2011,2.3545516769336072,False
P07CV19,2012,0.7446954140999316,True
P07CV19,2019,7.436002737850787,True
P07CV19,2022,2.617385352498289,True
P07CV20,2006,1.4565366187542779,False
P07CV20,2010,3.9561943874058865,True
P07CV20,2012,1.8836413415468858,True
P07CV20,2015,3.6413415468856947,False
P07CV20,2017,1.3497604380561259,False
P07CV20,2019,1.8672142368240932,True
P07CV20,2019,0.5694729637234771,True
P07CV21,2005,0.30116358658453113,False
P07CV21,2006,1.5058179329226558,False
P07CV21,2012,5.533196440793977,True
P07CV21,2013,1.4647501711156743,False
P07CV21,2017,3.9452429842573578,False
P07CV21,2018,1.0458590006844628,False
P07CV21,2019,0.9226557152635181,True
P07CV21,2020,0.4517453798767967,False
P07CV22,2006,1.1663244353182751,False
P07CV22,2012,6.036960985626283,True
P07CV22,2012,0.14510609171800137,True
P07CV22,2013,1.3114305270362765,False
P07CV22,2016,3.2251882272416155,True
P07CV22,2019,2.863791923340178,True
P07CV22,2019,0.15879534565366188,True
P07CV22,2024,4.843258042436688,False
P07CV23,2006,1.8261464750171115,False
P07CV23,2010,3.578370978781656,True
P07CV23,2012,1.8836413415468858,True
P07CV23,2013,1.374401095140315,False
P07CV23,2014,1.1170431211498972,False
P07CV23,2019,4.610540725530458,True
P07CV23,2019,0.35044490075290896,True
P07CV23,2024,5.177275838466803,False
P07CV24,2008,3.080082135523614,False
P07CV24,2012,4.153319644079398,True
P07CV24,2014,2.431211498973306,False
P07CV24,2016,2.2614647501711156,True
P07CV24,2019,2.726899383983573,True
P07CV24,2022,3.29637234770705,True
P07CV24,2023,0.47638603696098564,False
P07CV25,2010,5.4428473648186175,True
P07CV25,2012,1.8973305954825461,True
P07CV25,2016,4.369609856262834,True
P07CV25,2017,0.8952772073921971,False
P07CV25,2019,1.9356605065023955,True
P07CV25,2019,0.1861738535249829,True
P07CV26,2012,7.29637234770705,True
P07CV26,2014,2.412046543463381,False
P07CV26,2019,4.870636550308008,True
P07CV26,2019,0.2053388090349076,True
P07CV26,2021,1.483915126625599,False
P07CV27,2012,7.307323750855578,True
P07CV27,2016,3.802874743326489,True
P07CV27,2019,3.671457905544148,True
P07CV27,2022,2.809034907597536,True
P07CV28,2012,7.329226557152635,True
P07CV28,2019,6.896646132785763,True
P07CV28,2019,0.27652292950034224,True
P07CV28,2019,0.2080766598220397,True
P07CV29,2005,0.7200547570157426,False
P07CV29,2012,6.537987679671458,True
P07CV29,2019,7.370294318959616,True
P07CV29,2022,3.2908966461327855,True
P07CV30,2005,0.5311430527036276,False
P07CV30,2009,4.257357973990418,False
P07CV30,2010,0.5749486652977412,True
P07CV30,2011,1.3497604380561259,False
P07CV30,2012,0.3750855578370979,True
P07CV30,2012,0.30937713894592744,True
P07CV30,2013,0.6981519507186859,False
P07CV30,2014,1.3004791238877482,False
P07CV30,2017,3.485284052019165,False
P07CV30,2018,0.1697467488021903,False
P07CV30,2019,1.7221081451060918,True
P07CV30,2019,0.09034907597535935,True
P08CV01,2007,2.0616016427104724,False
P08CV01,2010,3.8494182067077345,True
P08CV01,2012,1.6509240246406571,True
P08CV01,2016,4.336755646817249,True
P08CV01,2020,3.381245722108145,False
P08CV01,2022,2.6009582477754964,True
P08CV02,2006,1.8042436687200547,False
P08CV02,2009,2.737850787132101,False
P08CV02,2010,1.4017796030116358,True
P08CV02,2012,1.434633812457221,True
P08CV02,2016,4.583162217659138,True
P08CV02,2021,4.908966461327857,False
P08CV02,2022,1.0978781656399725,True
P08CV03,2007,2.6803559206023273,False
P08CV03,2010,3.2142368240930868,True
P08CV03,2016,5.9986310746064335,True
P08CV03,2018,1.672826830937714,False
P08CV03,2022,3.912388774811773,True
P08CV03,2022,0.4134154688569473,True
P08CV03,2024,1.1827515400410678,False
P08CV04,2006,1.1170431211498972,False
P08CV04,2007,1.5496235455167693,False
P08CV04,2010,3.263518138261465,True
P08CV04,2013,2.948665297741273,False
P08CV04,2014,0.9062286105407256,False
P08CV04,2016,2.1656399726214923,True
P08CV04,2019,2.6830937713894594,True
P08CV04,2022,3.299110198494182,True
P08CV05,2005,0.4462696783025325,False
P08CV05,2005,0.12046543463381246,False
P08CV05,2005,0.3613963039014374,False
P08CV05,2009,3.5564681724845997,False
P08CV05,2010,1.4510609171800137,True
P08CV05,2016,5.965776865160849,True
P08CV05,2017,0.5201916495550992,False
P08CV05,2020,3.463381245722108,False
P08CV05,2022,1.1718001368925393,True
P08CV05,2022,0.8268309377138946,True
P08CV05,2024,1.620807665982204,False
P08CV06,2010,5.95482546201232,True
P08CV06,2011,0.12320328542094455,False
P08CV06,2016,5.880903490759754,True
P08CV06,2021,4.344969199178645,False
P08CV06,2022,1.6180698151950719,True
P08CV06,2023,0.840520191649555,False
P08CV06,2024,1.0376454483230664,False
P08CV07,2006,1.0130047912388775,False
P08CV07,2008,2.3983572895277208,False
P08CV07,2009,1.5742642026009583,False
P08CV07,2010,0.8432580424366872,True
P08CV07,2010,0.07665982203969883,True
P08CV07,2011,0.4216290212183436,False
P08CV07,2012,1.4428473648186173,True
P08CV07,2014,1.319644079397673,False
P08CV07,2015,1.7467488021902806,False
P08CV07,2016,1.08145106091718,True
P08CV07,2018,1.273100616016427,False
P08CV07,2022,4.717316906228611,True
P08CV08,2008,3.055441478439425,False
P08CV08,2010,2.833675564681725,True
P08CV08,2016,5.993155373032169,True
P08CV08,2017,0.4544832306639288,False
P08CV08,2019,1.8453114305270362,True
P08CV08,2022,3.682409308692676,True
P08CV09,2006,1.8781656399726214,False
P08CV09,2010,3.8165639972621492,True
P08CV09,2010,0.2190280629705681,True
P08CV09,2014,3.805612594113621,False
P08CV09,2016,2.212183436002738,True
P08CV09,2018,1.538672142368241,False
P08CV09,2019,0.6872005475701575,True
P08CV09,2019,0.2600958247775496,True
P08CV09,2022,3.5044490075290895,True
P08CV10,2010,5.943874058863792,True
P08CV10,2015,4.0629705681040384,False
P08CV10,2016,1.9329226557152634,True
P08CV10,2022,5.968514715947981,True
P08CV11,2010,5.9137577002053385,True
P08CV11,2016,6.009582477754963,True
P08CV11,2021,4.892539356605065,False
P08CV11,2022,0.6324435318275154,True
P08CV11,2022,0.4654346338124572,True
P08CV12,2005,0.2518822724161533,False
P08CV12,2005,0.47091033538672145,False
P08CV12,2010,5.1827515400410675,True
P08CV12,2011,0.5557837097878165,False
P08CV12,2016,5.431895961670089,True
P08CV12,2017,0.5284052019164955,False
P08CV12,2018,1.0212183436002737,False
P08CV12,2019,0.7638603696098563,True
P08CV12,2022,3.682409308692676,True
P08CV13,2010,5.708418891170431,True
P08CV13,2010,0.2299794661190965,True
P08CV13,2011,0.08213552361396304,False
P08CV13,2013,2.425735797399042,False
P08CV13,2013,0.1971252566735113,False
P08CV13,2016,3.2799452429842573,True
P08CV13,2017,0.33675564681724846,False
P08CV13,2019,1.8535249828884326,True
P08CV13,2022,3.6659822039698837,True
P08CV13,2022,0.13415468856947296,True
P08CV13,2024,1.1718001368925393,False
P09CV01,2010,5.032169746748802,True
P09CV01,2014,4.41615331964408,False
P09CV01,2021,7.227926078028747,False
P09CV01,2023,2.198494182067077,False
P09CV02,2014,9.451060917180014,False
P09CV02,2024,9.604380561259411,False
P09CV03,2011,6.841889117043121,False
P09CV03,2014,2.6803559206023273,False
P09CV03,2023,9.467488021902806,False
P09CV04,2005,0.29568788501026694,False
P09CV04,2006,1.431895961670089,False
P09CV04,2006,0.02190280629705681,False
P09CV04,2014,7.731690622861054,False
P09CV04,2021,6.754277891854894,False
P09CV04,2023,2.729637234770705,False
P09CV05,2006,1.136208076659822,False
P09CV05,2014,8.314852840520192,False
P09CV05,2020,6.179329226557153,False
P09CV05,2020,0.2245037645448323,False
P09CV05,2023,2.5571526351813825,False
P09CV05,2023,0.4928131416837782,False
P09CV06,2005,0.15879534565366188,False
P09CV06,2006,1.1334702258726899,False
P09CV06,2008,1.7467488021902806,False
P09CV06,2009,1.678302532511978,False
P09CV06,2012,3.1129363449691994,True
P09CV06,2014,1.5277207392197125,False
P09CV06,2023,9.626283367556468,False
P09CV07,2009,4.290212183436003,False
P09CV07,2014,5.125256673511293,False
P09CV07,2015,1.3305954825462012,False
P09CV07,2023,8.158795345653662,False
P09CV08,2009,4.988364134154689,False
P09CV08,2014,4.394250513347022,False
P09CV08,2017,2.967830253251198,False
P09CV08,2023,6.598220396988364,False
P09CV09,2007,2.217659137577002,False
P09CV09,2008,1.6344969199178645,False
P09CV09,2014,5.464750171115674,False
P09CV09,2016,2.113620807665982,True
P09CV09,2018,2.3819301848049284,False
P09CV09,2023,5.054072553045859,False
P09CV09,2024,0.5010266940451745,False
P09CV10,2008,3.7508555783709787,False
P09CV10,2013,4.254620123203286,False
P09CV10,2014,1.3853524982888432,False
P09CV10,2015,0.7611225188227242,False
P09CV10,2018,3.4524298425735798,False
P09CV10,2022,3.600273785078713,True
P09CV10,2023,1.4455852156057496,False
P09CV10,2023,0.29021218343600275,False
P09CV11,2005,0.7200547570157426,False
P09CV11,2013,7.57015742642026,False
P09CV11,2014,1.1690622861054072,False
P09CV11,2014,0.2546201232032854,False
P09CV11,2015,1.1197809719370295,False
P09CV11,2023,8.071184120465434,False
P09CV12,2006,1.270362765229295,False
P09CV12,2010,4.59958932238193,True
P09CV12,2014,3.512662559890486,False
P09CV12,2021,7.12662559890486,False
P09CV12,2021,0.010951403148528405,False
P09CV12,2021,0.4462696783025325,False
P09CV12,2023,1.9575633127994525,False
P09CV13,2011,6.537987679671458,False
P09CV13,2014,2.847364818617385,False
P09CV13,2023,8.991101984941821,False
P09CV13,2023,0.5612594113620808,False
P09CV14,2011,6.7323750855578375,False
P09CV14,2012,1.0869267624914443,True
P09CV14,2014,1.6071184120465434,False
P09CV14,2023,9.514031485284052,False
P09CV14,2024,0.6269678302532512,False
P09CV15,2007,2.726899383983573,False
P09CV15,2009,2.242299794661191,False
P09CV15,2012,2.7652292950034223,True
P09CV15,2014,1.7385352498288844,False
P09CV15,2020,5.661875427789186,False
P09CV15,2023,3.780971937029432,False
P09CV16,2005,0.2792607802874743,False
P09CV16,2010,4.733744010951403,True
P09CV16,2014,4.336755646817249,False
P09CV16,2015,0.7720739219712526,False
P09CV16,2023,8.818617385352498,False
P09CV17,2013,8.109514031485284,False
P09CV17,2014,1.3059548254620124,False
P09CV17,2018,3.649555099247091,False
P09CV17,2020,2.349075975359343,False
P09CV17,2023,3.5017111567419574,False
P09CV18,2014,9.344284736481862,False
P09CV18,2023,9.437371663244353,False
P09CV18,2024,0.30390143737166325,False
P09CV19,2006,1.8288843258042438,False
P09CV19,2014,7.572895277207392,False
P09CV19,2023,9.489390828199863,False
P09CV20,2006,1.3607118412046544,False
P09CV20,2014,8.043805612594113,False
P09CV20,2021,7.304585900068446,False
P09CV20,2023,2.1492128678986995,False
P09CV21,2005,0.10130047912388775,False
P09CV21,2009,4.202600958247776,False
P09CV21,2014,5.073237508555784,False
P09CV21,2023,9.527720739219713,False
P09CV22,2005,0.3750855578370979,False
P09CV22,2014,9.026694045174539,False
P09CV22,2018,4.334017796030117,False
P09CV22,2020,1.7932922655715264,False
P09CV22,2023,3.3018480492813143,False
P09CV23,2007,2.7953456536618755,False
P09CV23,2011,3.649555099247091,False
P09CV23,2014,3.0034223134839153,False
P09CV23,2022,8.043805612594113,True
P09CV23,2023,1.4236824093086926,False
P09CV24,2005,0.7282683093771389,False
P09CV24,2014,8.728268309377139,False
P09CV24,2016,2.1464750171115674,True
P09CV24,2018,1.9000684462696784,False
P09CV24,2023,5.4811772758384665,False
P09CV25,2012,7.846680355920602,True
P09CV25,2013,0.22176591375770022,False
P09CV25,2014,1.3552361396303902,False
P09CV25,2021,7.014373716632443,False
P09CV25,2023,2.5023956194387407,False
P09CV26,2014,9.382614647501711,False
P09CV26,2023,9.574264202600958,False
P10CV01,2005,0.09582477754962354,False
P10CV01,2009,3.9671457905544147,False
P10CV01,2009,0.8596851471594799,False
P10CV01,2010,0.49555099247091033,True
P10CV01,2010,0.5119780971937029,True
P10CV01,2016,5.979466119096509,True
P10CV01,2018,1.7166324435318274,False
P10CV01,2022,4.271047227926078,True
P10CV01,2023,1.0212183436002737,False
P10CV01,2024,0.6269678302532512,False
P10CV02,2007,2.64476386036961,False
P10CV02,2007,0.24093086926762491,False
P10CV02,2010,3.0417522245037647,True
P10CV02,2015,4.470910335386721,False
P10CV02,2015,0.49555099247091033,False
P10CV02,2016,1.0047912388774811,True
P10CV02,2018,1.5879534565366187,False
P10CV02,2022,4.396988364134154,True
P10CV02,2022,0.10403832991101986,True
P10CV03,2007,2.2888432580424367,False
P10CV03,2010,3.6167008898015056,True
P10CV03,2011,0.2026009582477755,False
P10CV03,2011,0.25735797399041754,False
P10CV03,2011,0.23819301848049282,False
P10CV03,2016,5.305954825462012,True
P10CV03,2022,5.242984257357974,True
P10CV03,2022,0.7118412046543463,True
P10CV04,2006,1.5824777549623545,False
P10CV04,2010,4.002737850787132,True
P10CV04,2010,0.3258042436687201,True
P10CV04,2015,4.799452429842574,False
P10CV04,2016,1.1745379876796715,True
P10CV04,2017,1.0732375085557837,False
P10CV04,2018,0.188911704312115,False
P10CV04,2018,0.5147159479808351,False
P10CV04,2021,2.349075975359343,False
P10CV04,2022,1.8480492813141685,True
P10CV04,2023,0.4188911704312115,False
P10CV05,2006,1.218343600273785,False
P10CV05,2006,0.7720739219712526,False
P10CV05,2010,3.920602327173169,True
P10CV05,2016,5.9986310746064335,True
P10CV05,2018,1.9411362080766599,False
P10CV05,2021,3.0362765229295,False
P10CV05,2022,0.9856262833675564,True
P10CV06,2010,5.388090349075975,True
P10CV06,2010,0.5475701574264202,True
P10CV06,2016,5.618069815195072,True
P10CV06,2016,0.34770704996577684,True
P10CV06,2020,3.8165639972621492,False
P10CV06,2022,2.198494182067077,True
P10CV07,2006,1.1498973305954825,False
P10CV07,2008,2.5544147843942504,False
P10CV07,2010,2.21492128678987,True
P10CV07,2010,0.04654346338124572,True
P10CV07,2016,5.9110198494182065,True
P10CV07,2021,4.142368240930869,False
P10CV07,2022,1.2566735112936345,True
P10CV07,2022,0.6078028747433265,True
P10CV08,2006,1.2265571526351813,False
P10CV08,2006,0.09856262833675565,False
P10CV08,2010,4.594113620807666,True
P10CV08,2012,1.5304585900068446,True
P10CV08,2016,4.035592060232717,True
P10CV08,2016,0.4161533196440794,True
P10CV08,2016,0.06297056810403832,True
P10CV08,2022,5.94113620807666,True
P10CV09,2010,5.508555783709788,True
P10CV09,2010,0.42984257357973993,True
P10CV09,2012,1.7796030116358659,True
P10CV09,2014,1.8781656399726214,False
P10CV09,2016,2.3134839151266258,True
P10CV09,2018,1.2210814510609171,False
P10CV09,2018,0.7200547570157426,False
P10CV09,2022,4.008213552361396,True
P10CV10,2006,1.7248459958932238,False
P10CV10,2010,4.1971252566735116,True
P10CV10,2013,2.4175222450376452,False
P10CV10,2013,0.621492128678987,False
P10CV10,2016,2.305270362765229,True
P10CV10,2016,0.6570841889117043,True
P10CV10,2022,5.949349760438056,True
P10CV11,2010,5.905544147843942,True
P10CV11,2011,0.8323066392881588,False
P10CV11,2012,0.2600958247775496,True
P10CV11,2014,2.028747433264887,False
P10CV11,2014,0.8596851471594799,False
P10CV11,2016,2.0123203285420943,True
P10CV11,2017,0.37782340862423,False
P10CV11,2022,4.802190280629706,True
P10CV11,2022,0.758384668035592,True
P10CV11,2022,0.07118412046543464,True
P10CV11,2023,0.9664613278576317,False
P10CV12,2008,3.885010266940452,False
P10CV12,2010,2.004106776180698,True
P10CV12,2013,2.6611909650924024,False
P10CV12,2016,3.3073237508555784,True
P10CV12,2017,0.6078028747433265,False
P10CV12,2021,3.594798083504449,False
P10CV12,2022,1.8151950718685832,True
P10CV13,2005,0.947296372347707,False
P10CV13,2010,4.958247775496235,True
P10CV13,2014,3.29637234770705,False
P10CV13,2016,1.9383983572895278,True
P10CV13,2016,0.7501711156741958,True
P10CV13,2016,0.06023271731690623,True
P10CV13,2019,2.4914442162902124,True
P10CV13,2022,3.4387405886379194,True
P10CV13,2023,1.0841889117043122,False
P10CV14,2008,3.077344284736482,False
P10CV14,2010,2.8281998631074607,True
P10CV14,2015,4.982888432580425,False
P10CV14,2016,1.002053388090349,True
P10CV14,2021,4.547570157426421,False
P10CV14,2022,1.462012320328542,True
P10CV14,2024,1.514031485284052,False
P10CV15,2005,0.44353182751540043,False
P10CV15,2010,5.44558521560575,True
P10CV15,2010,0.09308692676249145,True
P10CV15,2016,5.867214236824093,True
P10CV15,2020,4.068446269678303,False
P10CV15,2022,1.9137577002053388,True
P10CV15,2023,0.2737850787132101,False
P10CV16,2010,5.930184804928132,True
P10CV16,2011,0.676249144421629,False
P10CV16,2014,2.91854893908282,False
P10CV16,2016,2.3983572895277208,True
P10CV16,2022,5.853524982888432,True
P10CV16,2022,0.15605749486652978,True
P10CV16,2023,0.32854209445585214,False
P10CV17,2006,1.5989048596851472,False
P10CV17,2008,1.5550992470910336,False
P10CV17,2010,2.735112936344969,True
P10CV17,2011,0.9363449691991786,False
P10CV17,2016,5.059548254620124,True
P10CV17,2021,4.739219712525667,False
P10CV17,2022,1.0184804928131417,True
P10CV17,2022,0.216290212183436,True
P10CV18,2006,1.514031485284052,False
P10CV18,2007,1.3935660506502396,False
P10CV18,2010,2.9979466119096507,True
P10CV18,2011,0.2737850787132101,False
P10CV18,2014,3.1266255989048597,False
P10CV18,2016,2.5763175906913074,True
P10CV18,2018,1.4099931553730323,False
P10CV18,2022,3.8795345653661877,True
P10CV18,2022,0.7091033538672142,True
P10CV19,2005,0.6844626967830253,False
P10CV19,2009,4.232717316906228,False
P10CV19,2009,0.07392197125256673,False
P10CV19,2010,0.9226557152635181,True
P10CV19,2013,2.7980835044490076,False
P10CV19,2016,3.186858316221766,True
P10CV19,2021,4.180698151950718,False
P10CV19,2022,1.8015058179329226,True
P10CV20,2008,3.4086242299794662,False
P10CV20,2010,1.88911704312115,True
P10CV20,2010,0.6132785763175906,True
P10CV20,2014,4.0,False
P10CV20,2016,1.9712525667351128,True
P10CV20,2017,1.0266940451745379,False
P10CV20,2018,0.2600958247775496,False
P10CV20,2022,4.147843942505133,True
P10CV20,2022,0.5804243668720055,True
P10CV21,2010,5.927446954141,True
P10CV21,2016,5.982203969883641,True
P10CV21,2021,4.473648186173854,False
P10CV21,2022,1.5058179329226558,True
P10CV21,2023,0.840520191649555,False
P10CV22,2010,5.878165639972622,True
P10CV22,2011,0.8569472963723477,False
P10CV22,2013,1.5550992470910336,False
P10CV22,2016,3.586584531143053,True
P10CV22,2018,2.0314852840520192,False
P10CV22,2022,3.923340177960301,True
P10CV22,2023,0.19164955509924708,False
P10CV22,2023,0.07118412046543464,False
P10CV23,2008,3.0937713894592744,False
P10CV23,2010,2.7871321013004793,True
P10CV23,2015,4.438056125941136,False
P10CV23,2016,1.5468856947296372,True
P10CV23,2016,0.09856262833675565,True
P10CV23,2017,0.049281314168377825,False
P10CV23,2017,0.08213552361396304,False
P10CV23,2020,3.0198494182067077,False
P10CV23,2020,0.42984257357973993,False
P10CV23,2021,0.974674880219028,False
P10CV23,2022,1.352498288843258,True
P10CV24,2007,2.650239561943874,False
P10CV24,2009,1.3880903490759753,False
P10CV24,2010,1.88911704312115,True
P10CV24,2012,1.4729637234770705,True
P10CV24,2015,3.5455167693360714,False
P10CV24,2016,0.944558521560575,True
P10CV24,2017,0.3613963039014374,False
P10CV24,2019,2.0314852840520192,True
P10CV24,2020,1.4209445585215605,False
P10CV24,2022,2.1601642710472277,True
P10CV25,2010,5.930184804928132,True
P10CV25,2011,0.5776865160848734,False
P10CV25,2014,2.532511978097194,False
P10CV25,2016,2.869267624914442,True
P10CV25,2019,2.4722792607802875,True
P10CV25,2022,3.5181382614647503,True
P10CV25,2024,1.7138945927446954,False
P10CV26,2007,2.6995208761122518,False
P10CV26,2008,1.0869267624914443,False
P10CV26,2010,1.9739904175222451,True
P10CV26,2010,0.1834360027378508,True
P10CV26,2011,0.243668720054757,False
P10CV26,2016,5.727583846680356,True
P10CV26,2018,1.404517453798768,False
P10CV26,2021,2.924024640657084,False
P10CV26,2022,1.6536618754277892,True
P10CV26,2024,1.5989048596851472,False
P10CV27,2006,1.5797399041752225,False
P10CV27,2007,1.3497604380561259,False
P10CV27,2010,3.0006844626967832,True
P10CV27,2016,5.95482546201232,True
P10CV27,2019,2.1492128678986995,True
P10CV27,2022,3.8576317590691307,True
P10CV27,2023,0.8487337440109514,False
P10CV28,2006,1.6016427104722792,False
P10CV28,2010,4.2819986310746065,True
P10CV28,2010,0.06023271731690623,True
P10CV28,2016,5.971252566735113,True
P10CV28,2019,2.9623545516769334,True
P10CV28,2022,3.0362765229295,True
P10CV28,2024,1.626283367556468,False
P10CV28,2024,0.33401779603011633,False
P10CV29,2005,0.11225188227241616,False
P10CV29,2010,5.815195071868583,True
P10CV29,2012,1.727583846680356,True
P10CV29,2016,4.238193018480493,True
P10CV29,2022,5.965776865160849,True
P10CV30,2010,5.9137577002053385,True
P10CV30,2016,5.993155373032169,True
P10CV30,2022,5.968514715947981,True
P10CV31,2010,5.935660506502396,True
P10CV31,2014,3.274469541409993,False
P10CV31,2016,2.704996577686516,True
P10CV31,2022,5.973990417522245,True
P10CV31,2024,1.5879534565366187,False
P10CV32,2010,5.90280629705681,True
P10CV32,2012,1.1444216290212184,True
P10CV32,2012,0.8459958932238193,True
P10CV32,2016,4.005475701574264,True
P10CV32,2022,5.9575633127994525,True
P10CV33,2005,0.02190280629705681,False
P10CV33,2010,5.900068446269678,True
P10CV33,2011,0.5776865160848734,False
P10CV33,2014,3.2251882272416155,False
P10CV33,2016,2.1765913757700206,True
P10CV33,2022,5.973990417522245,True
P11CV01,2012,7.529089664613279,True
P11CV01,2014,2.401095140314853,False
P11CV01,2020,5.223819301848049,False
P11CV01,2020,0.26283367556468173,False
P11CV01,2023,3.134839151266256,False
P11CV02,2006,1.6016427104722792,False
P11CV02,2007,0.9828884325804244,False
P11CV02,2012,4.933607118412047,True
P11CV02,2016,3.57015742642026,True
P11CV02,2019,3.082819986310746,True
P11CV02,2020,0.9527720739219713,False
P11CV02,2022,2.425735797399042,True
P11CV03,2007,2.8884325804243667,False
P11CV03,2012,4.5338809034907595,True
P11CV03,2015,3.274469541409993,False
P11CV03,2020,4.336755646817249,False
P11CV03,2021,1.1170431211498972,False
P11CV03,2022,0.9007529089664613,True
P11CV04,2009,4.158795345653662,False
P11CV04,2010,1.1389459274469542,True
P11CV04,2010,0.14236824093086928,True
P11CV04,2011,1.2840520191649556,False
P11CV04,2012,0.8213552361396304,True
P11CV04,2013,0.6269678302532512,False
P11CV04,2013,0.7638603696098563,False
P11CV04,2015,1.106091718001369,False
P11CV04,2020,5.144421629021219,False
P11CV04,2024,4.177960301163586,False
P11CV05,2006,1.1800136892539357,False
P11CV05,2007,1.3360711841204653,False
P11CV05,2012,4.955509924709103,True
P11CV05,2016,4.043805612594114,True
P11CV05,2020,3.5811088295687883,False
P11CV06,2005,0.9965776865160849,False
P11CV06,2010,4.049281314168378,True
P11CV06,2012,2.4476386036960984,True
P11CV06,2020,7.5482546201232035,False
P11CV06,2020,0.3394934976043806,False
P11CV06,2021,1.0349075975359343,False
P11CV07,2008,3.1238877481177276,False
P11CV07,2009,1.568788501026694,False
P11CV07,2012,2.7761806981519506,True
P11CV07,2014,1.8617385352498288,False
P11CV07,2016,2.349075975359343,True
P11CV07,2020,3.4442162902121836,False
P11CV07,2023,3.047227926078029,False
P11CV07,2024,1.7193702943189597,False
P11CV08,2005,0.8761122518822724,False
P11CV08,2006,0.5448323066392882,False
P11CV08,2012,5.604380561259411,True
P11CV08,2012,0.47638603696098564,True
P11CV08,2015,3.2908966461327855,False
P11CV08,2016,0.4490075290896646,True
P11CV08,2017,1.404517453798768,False
P11CV08,2020,2.4449007529089664,False
P11CV09,2008,3.600273785078713,False
P11CV09,2012,3.9397672826830936,True
P11CV09,2017,4.919917864476386,False
P11CV09,2020,2.702258726899384,False
P11CV09,2020,0.8021902806297057,False
P11CV10,2010,5.122518822724161,True
P11CV10,2012,1.9219712525667352,True
P11CV10,2012,0.4353182751540041,True
P11CV10,2012,0.2135523613963039,True
P11CV10,2019,6.579055441478439,True
P11CV10,2020,0.8323066392881588,False
P11CV11,2005,0.04654346338124572,False
P11CV11,2011,6.893908281998631,False
P11CV11,2012,0.6078028747433265,True
P11CV11,2018,6.026009582477755,False
P11CV11,2018,0.3668720054757016,False
P11CV11,2020,1.2292950034223136,False
P11CV11,2021,0.8788501026694046,False
P11CV12,2007,2.0150581793292264,False
P11CV12,2012,5.505817932922656,True
P11CV12,2012,0.4188911704312115,True
P11CV12,2018,5.492128678986996,False
P11CV12,2020,1.7166324435318274,False
P11CV12,2020,0.1943874058863792,False
P11CV12,2024,3.9288158795345653,False
P11CV13,2012,7.501711156741957,True
P11CV13,2013,0.7939767282683093,False
P11CV13,2013,0.6817248459958932,False
P11CV13,2020,6.1300479123887746,False
P11CV14,2007,2.0533880903490758,False
P11CV14,2008,1.6180698151950719,False
P11CV14,2009,0.6297056810403833,False
P11CV14,2011,2.5708418891170433,False
P11CV14,2012,0.6543463381245722,True
P11CV14,2016,3.6358658453114305,True
P11CV14,2016,0.813141683778234,True
P11CV14,2017,0.9856262833675564,False
P11CV14,2020,2.217659137577002,False
P11CV14,2020,0.1697467488021903,False
P11CV15,2005,0.49828884325804246,False
P11CV15,2011,5.842573579739904,False
P11CV15,2012,1.1772758384668036,True
P11CV15,2017,5.300479123887748,False
P11CV15,2018,1.1307323750855578,False
P11CV15,2020,1.2210814510609171,False
P11CV15,2023,3.3949349760438055,False
P11CV16,2006,1.757700205338809,False
P11CV16,2012,5.352498288843258,True
P11CV16,2012,0.07392197125256673,True
P11CV16,2012,0.31211498973305957,True
P11CV16,2017,5.420944558521561,False
P11CV16,2020,2.132785763175907,False
P11CV17,2006,1.3552361396303902,False
P11CV17,2011,5.075975359342916,False
P11CV17,2012,1.0321697467488022,True
P11CV17,2013,1.2019164955509924,False
P11CV17,2015,1.8726899383983573,False
P11CV17,2017,2.130047912388775,False
P11CV17,2018,0.8542094455852156,False
P11CV17,2020,1.5605749486652978,False
P12CV01,2005,0.14784394250513347,False
P12CV01,2010,5.782340862422998,True
P12CV01,2016,6.031485284052019,True
P12CV01,2020,3.143052703627652,False
P12CV01,2022,2.869267624914442,True
P12CV02,2005,0.12046543463381246,False
P12CV02,2007,2.138261464750171,False
P12CV02,2010,3.6632443531827517,True
P12CV02,2016,6.017796030116359,True
P12CV02,2022,5.9986310746064335,True
P12CV02,2024,1.4127310061601643,False
P12CV03,2010,5.9137577002053385,True
P12CV03,2016,6.020533880903491,True
P12CV03,2022,6.006844626967831,True
P12CV04,2010,5.905544147843942,True
P12CV04,2015,4.427104722792608,False
P12CV04,2015,0.06570841889117043,False
P12CV04,2016,1.5195071868583163,True
P12CV04,2018,1.7987679671457906,False
P12CV04,2021,2.8720054757015743,False
P12CV04,2022,1.3442847364818618,True
P12CV05,2009,4.985626283367557,False
P12CV05,2010,0.9609856262833676,True
P12CV05,2012,1.7056810403832992,True
P12CV05,2014,1.839835728952772,False
P12CV05,2015,1.4647501711156743,False
P12CV05,2016,1.0184804928131417,True
P12CV05,2021,4.213552361396304,False
P12CV05,2022,1.7932922655715264,True
P12CV05,2024,1.620807665982204,False
P12CV06,2008,3.6249144421629023,False
P12CV06,2010,2.305270362765229,True
P12CV06,2011,0.09856262833675565,False
P12CV06,2016,5.861738535249829,True
P12CV06,2016,0.07665982203969883,True
P12CV06,2023,6.034223134839151,False
P12CV06,2024,1.7604380561259412,False
P12CV06,2024,0.12594113620807665,False
P12CV07,2006,1.4017796030116358,False
P12CV07,2010,4.5338809034907595,True
P12CV07,2013,2.757015742642026,False
P12CV07,2013,0.05201916495550993,False
P12CV07,2014,0.4243668720054757,False
P12CV07,2015,1.7221081451060918,False
P12CV07,2016,1.0787132101300478,True
P12CV07,2017,0.12046543463381246,False
P12CV07,2017,0.3942505133470226,False
P12CV07,2019,1.702943189596167,True
P12CV07,2019,0.7693360711841205,True
P12CV07,2023,3.060917180013689,False
P12CV07,2023,0.24093086926762491,False
P12CV07,2023,0.5776865160848734,False
P12CV08,2006,1.2621492128678986,False
P12CV08,2006,0.1943874058863792,False
P12CV08,2006,0.08761122518822724,False
P12CV08,2010,4.3668720054757015,True
P12CV08,2014,3.2005475701574264,False
P12CV08,2016,2.3600273785078714,True
P12CV08,2016,0.49555099247091033,True
P12CV08,2017,0.06844626967830253,False
P12CV08,2020,3.7097878165639973,False
P12CV08,2021,1.2019164955509924,False
P12CV08,2022,1.0294318959616702,True
P12CV09,2005,0.04380561259411362,False
P12CV09,2006,1.45927446954141,False
P12CV09,2007,1.273100616016427,False
P12CV09,2008,0.6735112936344969,False
P12CV09,2010,2.4804928131416837,True
P12CV09,2011,0.14784394250513347,False
P12CV09,2011,0.06844626967830253,False
P12CV09,2016,5.7878165639972625,True
P12CV09,2018,1.270362765229295,False
P12CV09,2021,2.858316221765914,False
P12CV09,2021,0.2272416153319644,False
P12CV09,2022,1.6563997262149213,True
P12CV10,2007,2.757015742642026,False
P12CV10,2010,3.164955509924709,True
P12CV10,2016,6.017796030116359,True
P12CV10,2019,2.3627652292950034,True
P12CV10,2022,3.6440793976728267,True
P12CV10,2023,0.9117043121149897,False
P12CV11,2008,3.693360711841205,False
P12CV11,2010,2.217659137577002,True
P12CV11,2012,1.379876796714579,True
P12CV11,2015,3.216974674880219,False
P12CV11,2016,1.4017796030116358,True
P12CV11,2016,0.038329911019849415,True
P12CV11,2019,2.4503764544832305,True
P12CV11,2021,1.620807665982204,False
P12CV11,2021,0.06844626967830253,False
P12CV11,2022,1.8590006844626967,True
P12CV11,2022,0.04380561259411362,True
P12CV12,2010,5.921971252566735,True
P12CV12,2016,6.039698836413415,True
P12CV12,2018,2.020533880903491,False
P12CV12,2020,1.0650239561943875,False
P12CV12,2022,2.9130732375085557,True
P12CV12,2023,0.7419575633127995,False
P12CV13,2005,0.9555099247091033,False
P12CV13,2006,0.25735797399041754,False
P12CV13,2008,2.217659137577002,False
P12CV13,2010,2.507871321013005,True
P12CV13,2015,4.678986995208761,False
P12CV13,2016,0.6844626967830253,True
P12CV13,2016,0.6406570841889117,True
P12CV13,2017,0.3887748117727584,False
P12CV13,2018,0.9664613278576317,False
P12CV13,2019,0.9965776865160849,True
P12CV13,2021,2.652977412731006,False
P12CV13,2022,0.999315537303217,True
P12CV14,2010,5.9110198494182065,True
P12CV14,2016,5.90280629705681,True
P12CV14,2016,0.11225188227241616,True
P12CV14,2018,1.3579739904175223,False
P12CV14,2019,0.7173169062286106,True
P12CV14,2022,3.9397672826830936,True
P12CV15,2010,5.943874058863792,True
P12CV15,2014,4.024640657084189,False
P12CV15,2016,2.0150581793292264,True
P12CV15,2021,4.4435318275154,False
P12CV15,2022,0.8898015058179329,True
P12CV15,2022,0.6598220396988365,True
P12CV15,2024,1.4647501711156743,False
P12CV16,2010,5.894592744695414,True
P12CV16,2016,6.053388090349076,True
P12CV16,2020,3.156741957563313,False
P12CV16,2021,1.4921286789869952,False
P12CV16,2022,1.352498288843258,True
P12CV17,2005,0.09034907597535935,False
P12CV17,2006,1.6700889801505818,False
P12CV17,2007,0.34223134839151265,False
P12CV17,2009,2.1190965092402463,False
P12CV17,2010,1.7166324435318274,True
P12CV17,2013,2.4750171115674195,False
P12CV17,2014,1.5742642026009583,False
P12CV17,2016,1.325119780971937,True
P12CV17,2016,0.4024640657084189,True
P12CV17,2016,0.2546201232032854,True
P12CV17,2018,1.054072553045859,False
P12CV17,2018,0.3997262149212868,False
P12CV17,2018,0.4681724845995893,False
P12CV17,2021,2.239561943874059,False
P12CV17,2022,1.8590006844626967,True
P12CV18,2005,0.22176591375770022,False
P12CV18,2006,0.9007529089664613,False
P12CV18,2007,1.163586584531143,False
P12CV18,2010,3.652292950034223,True
P12CV18,2015,4.334017796030117,False
P12CV18,2016,1.702943189596167,True
P12CV18,2019,2.5598904859685145,True
P12CV18,2020,1.325119780971937,False
P12CV18,2022,1.212867898699521,True
P12CV18,2023,0.9336071184120466,False
P12CV19,2008,3.6632443531827517,False
P12CV19,2010,2.242299794661191,True
P12CV19,2012,1.45927446954141,True
P12CV19,2016,4.5338809034907595,True
P12CV19,2022,6.0013689253935665,True
P12CV20,2005,0.1834360027378508,False
P12CV20,2010,5.752224503764545,True
P12CV20,2015,4.969199178644764,False
P12CV20,2016,1.0294318959616702,True
P12CV20,2022,5.196440793976728,True
P12CV20,2022,0.8186173853524983,True
P12CV21,2005,0.04380561259411362,False
P12CV21,2008,3.62217659137577,False
P12CV21,2009,0.4161533196440794,False
P12CV21,2010,1.8726899383983573,True
P12CV21,2013,2.0917180013689256,False
P12CV21,2013,0.3531827515400411,False
P12CV21,2016,3.583846680355921,True
P12CV21,2020,3.047227926078029,False
P12CV21,2023,2.976043805612594,False
P12CV22,2005,0.7008898015058179,False
P12CV22,2007,1.943874058863792,False
P12CV22,2007,0.03285420944558522,False
P12CV22,2010,2.891170431211499,True
P12CV22,2010,0.34223134839151265,True
P12CV22,2012,1.8288843258042438,True
P12CV22,2014,1.5523613963039014,False
P12CV22,2016,2.6338124572210813,True
P12CV22,2019,2.7186858316221767,True
P12CV22,2021,1.6591375770020533,False
P12CV22,2022,1.6372347707049966,True
P12CV23,2009,4.528405201916495,False
P12CV23,2009,0.4490075290896646,False
P12CV23,2010,0.459958932238193,True
P12CV23,2010,0.49828884325804246,True
P12CV23,2016,5.987679671457905,True
P12CV23,2022,6.017796030116359,True
P12CV23,2024,1.212867898699521,False
P12CV24,2010,5.678302532511978,True
P12CV24,2010,0.2655715263518138,True
P12CV24,2016,6.023271731690623,True
P12CV24,2022,5.979466119096509,True
P12CV25,2008,3.4989733059548254,False
P12CV25,2010,2.414784394250513,True
P12CV25,2012,1.8617385352498288,True
P12CV25,2015,2.8145106091718,False
P12CV25,2016,1.325119780971937,True
P12CV25,2017,0.33401779603011633,False
P12CV25,2020,3.4743326488706368,False
P12CV25,2022,1.8809034907597535,True
P12CV25,2022,0.33675564681724846,True
P12CV26,2010,5.935660506502396,True
P12CV26,2010,0.030116358658453114,True
P12CV26,2016,5.108829568788501,True
P12CV26,2016,0.8514715947980835,True
P12CV26,2018,1.839835728952772,False
P12CV26,2022,4.210814510609172,True
P12CV27,2006,1.4537987679671458,False
P12CV27,2009,3.2251882272416155,False
P12CV27,2010,1.2402464065708418,True
P12CV27,2012,1.8124572210814511,True
P12CV27,2016,4.210814510609172,True
P12CV27,2019,2.4476386036960984,True
P12CV27,2021,2.023271731690623,False
P12CV27,2022,1.5550992470910336,True
P12CV27,2024,1.7111567419575633,False
P12CV28,2010,5.938398357289528,True
P12CV28,2016,6.028747433264887,True
P12CV28,2020,3.5208761122518824,False
P12CV28,2022,2.5023956194387407,True
P12CV29,2010,5.618069815195072,True
P12CV29,2010,0.31759069130732376,True
P12CV29,2016,6.0424366872005475,True
P12CV29,2022,5.979466119096509,True
