component,intervals,clock,n_ev,beta,eta_Light,eta_Medium/Light,eta_Heavy/Light,beta_95ci
Bearing,all,days,231180,2.96,2008.2,0.2,0.131,2.95-2.97
Bearing,all,op_h,231180,2.98,45880.1,0.162,0.079,2.97-2.98
Bearing,all,cycles,231088,2.73,72.4,0.852,1.021,2.72-2.74
Bearing,all,kg,231180,2.99,41159743.7,0.298,0.185,2.98-3.00
Bearing,first,days,13938,2.69,1966.7,0.186,0.112,2.65-2.72
Bearing,first,op_h,13938,2.99,46093.4,0.162,0.079,2.95-3.03
Bearing,first,cycles,13846,1.68,51.0,0.715,0.841,1.65-1.70
Bearing,first,kg,13938,3.02,41349199.1,0.299,0.185,2.98-3.06
Bearing,renewed,days,217242,2.98,2014.9,0.2,0.131,2.97-2.99
Bearing,renewed,op_h,217242,2.97,45811.4,0.162,0.079,2.96-2.98
Bearing,renewed,cycles,217242,2.89,77.5,0.813,0.97,2.88-2.90
Bearing,renewed,kg,217242,2.99,41104788.7,0.298,0.185,2.98-3.00
Conveyor_Belt,all,days,7822,2.97,609.0,0.363,0.3,2.92-3.02
Conveyor_Belt,all,op_h,7822,2.98,13931.1,0.293,0.182,2.92-3.03
Conveyor_Belt,all,cycles,7817,2.56,21.5,1.565,2.355,2.52-2.60
Conveyor_Belt,all,kg,7822,2.99,12495079.2,0.541,0.426,2.94-3.04
Conveyor_Belt,first,days,284,2.73,589.5,0.329,0.246,2.50-2.98
Conveyor_Belt,first,op_h,284,3.03,14111.0,0.302,0.184,2.77-3.31
Conveyor_Belt,first,cycles,279,1.47,7.6,1.494,2.956,1.35-1.61
Conveyor_Belt,first,kg,284,3.05,12640661.4,0.558,0.433,2.78-3.33
Conveyor_Belt,renewed,days,7538,2.99,610.4,0.363,0.301,2.94-3.04
Conveyor_Belt,renewed,op_h,7538,2.97,13918.0,0.293,0.182,2.92-3.03
Conveyor_Belt,renewed,cycles,7538,2.73,22.4,1.53,2.299,2.68-2.78
Conveyor_Belt,renewed,kg,7538,2.99,12484661.7,0.541,0.426,2.94-3.04
Motor_Reducer,all,days,4265,2.32,851.9,0.494,0.461,2.27-2.38
Motor_Reducer,all,op_h,4265,2.33,19498.9,0.399,0.279,2.27-2.38
Motor_Reducer,all,cycles,4261,2.13,29.4,2.181,3.713,2.08-2.18
Motor_Reducer,all,kg,4265,2.34,17486040.1,0.737,0.653,2.28-2.39
Motor_Reducer,first,days,284,2.2,848.7,0.426,0.397,2.00-2.41
Motor_Reducer,first,op_h,284,2.37,20190.2,0.365,0.262,2.16-2.59
Motor_Reducer,first,cycles,280,1.45,13.5,2.67,5.418,1.32-1.59
Motor_Reducer,first,kg,284,2.37,18126766.3,0.673,0.612,2.16-2.60
Motor_Reducer,renewed,days,3981,2.34,852.0,0.498,0.464,2.28-2.39
Motor_Reducer,renewed,op_h,3981,2.33,19419.2,0.402,0.28,2.27-2.38
Motor_Reducer,renewed,cycles,3981,2.26,30.9,2.125,3.601,2.21-2.32
Motor_Reducer,renewed,kg,3981,2.33,17411693.7,0.742,0.657,2.28-2.39
Speed_Sensor,all,days,1837,1.19,996.4,1.211,1.731,1.15-1.24
Speed_Sensor,all,op_h,1838,1.19,22754.2,0.98,1.048,1.14-1.23
Speed_Sensor,all,cycles,1820,1.19,34.2,5.423,14.313,1.14-1.23
Speed_Sensor,all,kg,1838,1.19,20421529.5,1.809,2.452,1.14-1.23
Speed_Sensor,first,days,283,1.18,1154.5,1.253,1.368,1.07-1.30
Speed_Sensor,first,op_h,284,1.2,26787.4,1.024,0.835,1.09-1.32
Speed_Sensor,first,cycles,266,1.07,28.7,7.099,15.211,0.96-1.18
Speed_Sensor,first,kg,284,1.2,24041923.5,1.887,1.956,1.09-1.32
Speed_Sensor,renewed,days,1554,1.2,973.5,1.192,1.816,1.15-1.25
Speed_Sensor,renewed,op_h,1554,1.19,22176.4,0.962,1.097,1.15-1.24
Speed_Sensor,renewed,cycles,1554,1.21,34.9,5.193,14.344,1.16-1.26
Speed_Sensor,renewed,kg,1554,1.19,19903017.4,1.777,2.566,1.15-1.24
Controller_PC,all,days,1537,0.99,1185.5,1.142,1.592,0.95-1.03
Controller_PC,all,op_h,1537,0.99,27116.9,0.924,0.964,0.95-1.03
Controller_PC,all,cycles,1524,0.95,40.0,5.182,13.194,0.92-0.99
Controller_PC,all,kg,1537,0.99,24334381.7,1.705,2.254,0.95-1.03
Controller_PC,first,days,281,0.97,1084.8,1.316,1.721,0.88-1.06
Controller_PC,first,op_h,281,1.0,25538.5,1.067,1.044,0.91-1.09
Controller_PC,first,cycles,268,0.83,24.8,8.164,19.745,0.76-0.91
Controller_PC,first,kg,281,1.0,22890437.3,1.975,2.446,0.91-1.09
Controller_PC,renewed,days,1256,0.99,1204.6,1.109,1.569,0.95-1.04
Controller_PC,renewed,op_h,1256,0.99,27435.8,0.896,0.947,0.94-1.03
Controller_PC,renewed,cycles,1256,0.99,42.8,4.845,12.468,0.94-1.03
Controller_PC,renewed,kg,1256,0.99,24626561.5,1.652,2.215,0.94-1.03
Control_Software,all,days,463,0.91,2245.0,7.669,40.038,0.84-0.98
Control_Software,all,op_h,463,0.91,51397.2,6.145,23.726,0.85-0.98
Control_Software,all,cycles,459,0.78,74.3,43.661,518.649,0.72-0.84
Control_Software,all,kg,463,0.91,46116498.2,11.355,55.642,0.85-0.98
Control_Software,first,days,163,0.83,1739.9,11.488,77.469,0.73-0.94
Control_Software,first,op_h,163,0.84,40489.0,8.961,43.677,0.74-0.95
Control_Software,first,cycles,159,0.62,40.8,112.98,2395.764,0.55-0.71
Control_Software,first,kg,163,0.84,36413095.7,16.532,102.578,0.74-0.95
Control_Software,renewed,days,300,0.95,2433.6,5.716,8.979,0.87-1.04
Control_Software,renewed,op_h,300,0.95,55507.4,4.609,5.501,0.87-1.04
Control_Software,renewed,cycles,300,0.89,86.1,27.251,79.141,0.81-0.98
Control_Software,renewed,kg,300,0.95,49754043.2,8.541,12.849,0.87-1.04
Contactor,all,days,12,3.65,3470378.6,0.007,0.003,2.11-6.31
Contactor,all,op_h,12,3.72,65185347.1,0.007,0.002,2.16-6.41
Contactor,all,cycles,12,3.33,212605.0,0.021,0.016,1.94-5.71
Contactor,all,kg,12,3.72,53345078829.1,0.014,0.006,2.16-6.42
