,Motor_Current_A,Motor_Temperature_C,Structure_Vibration_RMS_mm_s,Contact_Voltage_Drop_mV,Contactor_Closing_Time_ms,Operating_Hours_Day,Throughput_kg_per_h,Temperature_Max_C,Humidity_pct,Voltage_V
Motor_Current_A,1.0,0.7844540733828566,0.4379036807884811,0.966304108199803,-0.0174111403239891,-0.3625271909159634,0.9777670560588955,0.16768978629879705,0.6339528293720922,0.07273670190236037
Motor_Temperature_C,0.7844540733828566,1.0,0.5293684225671416,0.7642022820334873,-0.0007479747371195742,-0.2543124319182591,0.6763761567083378,0.29614018097369277,0.44264535010063316,0.04415473261192564
Structure_Vibration_RMS_mm_s,0.4379036807884811,0.5293684225671416,1.0,0.4270436495447306,-0.005412720397077616,-0.16559912167441074,0.3713630476750066,0.09773868580328815,0.24488582280851043,0.034590264839174135
Contact_Voltage_Drop_mV,0.966304108199803,0.7642022820334873,0.4270436495447306,1.0,-0.016310256018080418,-0.3548781879142891,0.954056800461146,0.16052456933705897,0.6179861450819822,0.07245375670932565
Contactor_Closing_Time_ms,-0.0174111403239891,-0.0007479747371195742,-0.005412720397077616,-0.016310256018080418,1.0,0.014184680073531622,-0.02031043470031556,0.042180965947252944,0.07413727916678986,-0.3405690849484696
Operating_Hours_Day,-0.3625271909159634,-0.2543124319182591,-0.16559912167441074,-0.3548781879142891,0.014184680073531622,1.0,-0.36903450149924666,-0.036821292424985504,-0.23955896231915924,-0.04199363850197637
Throughput_kg_per_h,0.9777670560588955,0.6763761567083378,0.3713630476750066,0.954056800461146,-0.02031043470031556,-0.36903450149924666,1.0,0.17095781878488855,0.6478368537142135,0.07618144900895471
Temperature_Max_C,0.16768978629879705,0.29614018097369277,0.09773868580328815,0.16052456933705897,0.042180965947252944,-0.036821292424985504,0.17095781878488855,1.0,0.138431816392629,-0.023689706841674842
Humidity_pct,0.6339528293720922,0.44264535010063316,0.24488582280851043,0.6179861450819822,0.07413727916678986,-0.23955896231915924,0.6478368537142135,0.138431816392629,1.0,-0.14114862091150143
Voltage_V,0.07273670190236037,0.04415473261192564,0.034590264839174135,0.07245375670932565,-0.3405690849484696,-0.04199363850197637,0.07618144900895471,-0.023689706841674842,-0.14114862091150143,1.0
