,Motor_Current_A,Motor_Temperature_C,Structure_Vibration_RMS_mm_s,Contact_Voltage_Drop_mV,Contactor_Closing_Time_ms,Operating_Hours_Day,Throughput_kg_per_h,Temperature_Max_C,Humidity_pct,Voltage_V,Current_per_Throughput,VDrop_per_Current,MotorTemp_Excess
Motor_Current_A,1.0,0.7844540733828566,0.4379036807884811,0.966304108199803,-0.0174111403239891,-0.3625271909159634,0.9777670560588955,0.16768978629879705,0.6339528293720922,0.07273670190236037,-0.8696880673656436,-0.008554155791616504,0.7815869013138994
Motor_Temperature_C,0.7844540733828566,1.0,0.5293684225671416,0.7642022820334873,-0.0007479747371195742,-0.2543124319182591,0.6763761567083378,0.29614018097369277,0.44264535010063316,0.04415473261192564,-0.4827576637239382,0.015618474900952061,0.9785978875093081
Structure_Vibration_RMS_mm_s,0.4379036807884811,0.5293684225671416,1.0,0.4270436495447306,-0.005412720397077616,-0.16559912167441074,0.3713630476750066,0.09773868580328815,0.24488582280851043,0.034590264839174135,-0.2608181563252814,0.010307019108620022,0.530756278093476
Contact_Voltage_Drop_mV,0.966304108199803,0.7642022820334873,0.4270436495447306,1.0,-0.016310256018080418,-0.3548781879142891,0.954056800461146,0.16052456933705897,0.6179861450819822,0.07245375670932565,-0.8586084314097885,0.24377158891608616,0.7620201489826737
Contactor_Closing_Time_ms,-0.0174111403239891,-0.0007479747371195742,-0.005412720397077616,-0.016310256018080418,1.0,0.014184680073531622,-0.02031043470031556,0.042180965947252944,0.07413727916678986,-0.3405690849484696,0.017174172810196026,0.0005895944997359226,-0.0100539949404599
Operating_Hours_Day,-0.3625271909159634,-0.2543124319182591,-0.16559912167441074,-0.3548781879142891,0.014184680073531622,1.0,-0.36903450149924666,-0.036821292424985504,-0.23955896231915924,-0.04199363850197637,0.32754031418094537,-0.012275773040679719,-0.25716229753925585
Throughput_kg_per_h,0.9777670560588955,0.6763761567083378,0.3713630476750066,0.954056800461146,-0.02031043470031556,-0.36903450149924666,1.0,0.17095781878488855,0.6478368537142135,0.07618144900895471,-0.9431370907991213,0.024290026673727493,0.668222392406697
Temperature_Max_C,0.16768978629879705,0.29614018097369277,0.09773868580328815,0.16052456933705897,0.042180965947252944,-0.036821292424985504,0.17095781878488855,1.0,0.138431816392629,-0.023689706841674842,-0.19235838847327397,-0.004379138944570107,0.09325074464526076
Humidity_pct,0.6339528293720922,0.44264535010063316,0.24488582280851043,0.6179861450819822,0.07413727916678986,-0.23955896231915924,0.6478368537142135,0.138431816392629,1.0,-0.14114862091150143,-0.6009259359887551,0.014110491611528251,0.4315889798516891
Voltage_V,0.07273670190236037,0.04415473261192564,0.034590264839174135,0.07245375670932565,-0.3405690849484696,-0.04199363850197637,0.07618144900895471,-0.023689706841674842,-0.14114862091150143,1.0,-0.0725807509217681,0.005982145727852162,0.05113074287484629
Current_per_Throughput,-0.8696880673656436,-0.4827576637239382,-0.2608181563252814,-0.8586084314097885,0.017174172810196026,0.32754031418094537,-0.9431370907991213,-0.19235838847327397,-0.6009259359887551,-0.0725807509217681,1.0,-0.060992220959630555,-0.4617838041746888
VDrop_per_Current,-0.008554155791616504,0.015618474900952061,0.010307019108620022,0.24377158891608616,0.0005895944997359226,-0.012275773040679719,0.024290026673727493,-0.004379138944570107,0.014110491611528251,0.005982145727852162,-0.060992220959630555,1.0,0.017224165992304804
MotorTemp_Excess,0.7815869013138994,0.9785978875093081,0.530756278093476,0.7620201489826737,-0.0100539949404599,-0.25716229753925585,0.668222392406697,0.09325074464526076,0.4315889798516891,0.05113074287484629,-0.4617838041746888,0.017224165992304804,1.0
