current_type,Bearing,Conveyor_Belt,Motor_Reducer,Speed_Sensor,Controller_PC,Control_Software,Contactor,Load_Class
Bearing,108755.0,2524.0,1159.0,241.0,214.0,6.0,11.0,Heavy
Conveyor_Belt,2544.0,0.0,27.0,3.0,5.0,0.0,0.0,Heavy
Motor_Reducer,1153.0,34.0,0.0,3.0,0.0,0.0,0.0,Heavy
Speed_Sensor,231.0,14.0,1.0,2.0,4.0,0.0,0.0,Heavy
Controller_PC,214.0,8.0,2.0,0.0,0.0,0.0,0.0,Heavy
Control_Software,6.0,0.0,0.0,0.0,0.0,0.0,0.0,Heavy
Contactor,11.0,0.0,0.0,0.0,0.0,0.0,0.0,Heavy
Bearing,15375.0,1378.0,954.0,730.0,552.0,267.0,0.0,Light
Conveyor_Belt,1370.0,4.0,95.0,84.0,67.0,26.0,0.0,Light
Motor_Reducer,957.0,88.0,7.0,49.0,52.0,30.0,0.0,Light
Speed_Sensor,761.0,60.0,53.0,32.0,40.0,26.0,0.0,Light
Controller_PC,589.0,64.0,41.0,39.0,33.0,17.0,0.0,Light
Control_Software,283.0,46.0,30.0,15.0,16.0,18.0,0.0,Light
Contactor,0.0,0.0,0.0,0.0,0.0,0.0,0.0,Light
Bearing,92405.0,3457.0,1813.0,555.0,490.0,43.0,1.0,Medium
Conveyor_Belt,3483.0,1.0,49.0,30.0,16.0,1.0,0.0,Medium
Motor_Reducer,1773.0,85.0,1.0,14.0,10.0,1.0,0.0,Medium
Speed_Sensor,585.0,12.0,9.0,2.0,3.0,0.0,0.0,Medium
Controller_PC,489.0,21.0,9.0,6.0,2.0,0.0,0.0,Medium
Control_Software,42.0,1.0,0.0,2.0,1.0,0.0,0.0,Medium
Contactor,0.0,1.0,0.0,0.0,0.0,0.0,0.0,Medium
