load,renewal_capped,mean,count,component
Heavy,0,3244.6775244299674,3684,Bearing
Heavy,1,3237.9771986970686,3684,Bearing
Heavy,2,3272.5309446254073,3684,Bearing
Heavy,3,3207.9446254071663,3684,Bearing
Heavy,4,3280.8925081433226,3684,Bearing
Heavy,5,3231.169381107492,3684,Bearing
Heavy,6,3239.57003257329,3684,Bearing
Heavy,7,3236.3355048859935,3684,Bearing
Heavy,8,3222.326614207179,83493,Bearing
Light,0,41051.438702376465,5302,Bearing
Light,1,40934.77027536779,5302,Bearing
Light,2,39858.89602569249,4982,Bearing
Light,3,35102.072652501716,2918,Bearing
Light,4,29880.030888030888,777,Bearing
Light,5,27885.315789473683,76,Bearing
Light,6,27254.4,5,Bearing
Medium,0,6686.07915993538,4952,Bearing
Medium,1,6605.239095315024,4952,Bearing
Medium,2,6665.406300484653,4952,Bearing
Medium,3,6685.407915993538,4952,Bearing
Medium,4,6638.316639741519,4952,Bearing
Medium,5,6644.735864297254,4952,Bearing
Medium,6,6624.055735056543,4952,Bearing
Medium,7,6673.330371567044,4952,Bearing
Medium,8,6528.172594830933,59237,Bearing
Heavy,0,2323.2413793103447,58,Conveyor_Belt
Heavy,1,2251.0344827586205,58,Conveyor_Belt
Heavy,2,2304.0,58,Conveyor_Belt
Heavy,3,2241.5172413793102,58,Conveyor_Belt
Heavy,4,2299.0344827586205,58,Conveyor_Belt
Heavy,5,2359.862068965517,58,Conveyor_Belt
Heavy,6,2111.3793103448274,58,Conveyor_Belt
Heavy,7,2327.5862068965516,58,Conveyor_Belt
Heavy,8,2239.915014164306,2118,Conveyor_Belt
Light,0,12655.6875,128,Conveyor_Belt
Light,1,12308.15625,128,Conveyor_Belt
Light,2,12304.6875,128,Conveyor_Belt
Light,3,12662.90625,128,Conveyor_Belt
Light,4,12236.90625,128,Conveyor_Belt
Light,5,13146.1875,128,Conveyor_Belt
Light,6,12639.5625,128,Conveyor_Belt
Light,7,12455.625,128,Conveyor_Belt
Light,8,12068.247619047619,630,Conveyor_Belt
Medium,0,3775.9591836734694,98,Conveyor_Belt
Medium,1,3664.8979591836733,98,Conveyor_Belt
Medium,2,3545.6326530612246,98,Conveyor_Belt
Medium,3,3542.5714285714284,98,Conveyor_Belt
Medium,4,3896.204081632653,98,Conveyor_Belt
Medium,5,3713.5102040816328,98,Conveyor_Belt
Medium,6,3714.9795918367345,98,Conveyor_Belt
Medium,7,3569.387755102041,98,Conveyor_Belt
Medium,8,3623.203426124197,2802,Conveyor_Belt
Heavy,0,4683.931034482759,58,Motor_Reducer
Heavy,1,4907.793103448276,58,Motor_Reducer
Heavy,2,5099.379310344828,58,Motor_Reducer
Heavy,3,4528.758620689655,58,Motor_Reducer
Heavy,4,4737.517241379311,58,Motor_Reducer
Heavy,5,4510.758620689655,58,Motor_Reducer
Heavy,6,4820.275862068966,58,Motor_Reducer
Heavy,7,4647.103448275862,58,Motor_Reducer
Heavy,8,4810.793388429752,726,Motor_Reducer
Light,0,17797.21875,128,Motor_Reducer
Light,1,17703.09375,128,Motor_Reducer
Light,2,16767.28125,128,Motor_Reducer
Light,3,17781.09375,128,Motor_Reducer
Light,4,18124.5,128,Motor_Reducer
Light,5,16765.5,128,Motor_Reducer
Light,6,16506.571428571428,126,Motor_Reducer
Light,7,16012.82142857143,112,Motor_Reducer
Light,8,14745.901639344262,183,Motor_Reducer
Medium,0,6583.224489795918,98,Motor_Reducer
Medium,1,6966.6122448979595,98,Motor_Reducer
Medium,2,6938.571428571428,98,Motor_Reducer
Medium,3,6997.102040816327,98,Motor_Reducer
Medium,4,6605.265306122449,98,Motor_Reducer
Medium,5,6987.7959183673465,98,Motor_Reducer
Medium,6,6710.816326530612,98,Motor_Reducer
Medium,7,7157.755102040816,98,Motor_Reducer
Medium,8,6795.745916515427,1102,Motor_Reducer
